clientId,cluster,jobName,cronExpression,serverTimezone,fireTimeServer,fireTimeUtc,fireTimeIst,command
"AAP","CL12","AAP - download","*/30 * * * *","America/New_York","2026-07-24 02:30:00","2026-07-24T06:30:00.000Z","2026-07-24 12:00:00","/mount/RWS4/batch_jobs/scripts/download.sh >> /mount/RWS4/batch_jobs/log/dataimports.log"
"AZMX","CL26","AZMX - download [AZMX]","*/30 * * * *","America/New_York","2026-07-24 02:30:00","2026-07-24T06:30:00.000Z","2026-07-24 12:00:00","/mount/RWS4/batch_jobs/scripts/download.sh AZMX >> /mount/RWS4/batch_jobs/log/dataimports.log 2>&1"
"BCF","CL25","BCF - workflow [UpdateRfcCalculatedMetrics 76 BCF] (*/30 * * * *)","*/30 * * * *","America/New_York","2026-07-24 02:30:00","2026-07-24T06:30:00.000Z","2026-07-24 12:00:00","/mount/RWS4/batch_jobs/scripts/workflow.sh UpdateRfcCalculatedMetrics -1 76 BCF >> /mount/RWS4/batch"
"BCOP","CL19","BCOP - download","*/30 * * * *","America/New_York","2026-07-24 02:30:00","2026-07-24T06:30:00.000Z","2026-07-24 12:00:00","/mount/RWS4/batch_jobs/scripts/download.sh >> /mount/RWS4/batch_jobs/log/dataimports.log"
"BLK","CL12","BLK - Monitoring RWS Processes [UNRESOLVED_PUNCH_MONITORING]","*/30 * * * *","America/New_York","2026-07-24 02:30:00","2026-07-24T06:30:00.000Z","2026-07-24 12:00:00","/mount/RWS4/batch_jobs/WAPM/scripts/Monitoring_RWS_Processes.sh UNRESOLVED_PUNCH_MONITORING"
"BNQ","CL52","BNQ - download","*/15 * * * *","Europe/London","2026-07-24 07:30:00","2026-07-24T06:30:00.000Z","2026-07-24 12:00:00","/mount/RWS4/batch_jobs/scripts/download.sh >> /mount/RWS4/batch_jobs/log/dataimports.log"
"BNQ","CL52","BNQ - sync clocking event","*/15 * * * *","Europe/London","2026-07-24 07:30:00","2026-07-24T06:30:00.000Z","2026-07-24 12:00:00","/mount/RWS4/batch_jobs/scripts/sync_clocking_event.sh >> /mount/RWS4/batch_jobs/log/sync_clocking_ev"
"BOB","CL17","BOB - download [BOB]","30 * * * *","America/New_York","2026-07-24 02:30:00","2026-07-24T06:30:00.000Z","2026-07-24 12:00:00","/mount/RWS4/batch_jobs/scripts/download.sh BOB >> /mount/RWS4/batch_jobs/log/dataimports.log 2>&1"
"BPANZ","CL15","BPANZ - Append Timestamp [BP]","*/5 * * * *","America/New_York","2026-07-24 02:30:00","2026-07-24T06:30:00.000Z","2026-07-24 12:00:00","/mount/RWS4/batch_jobs/scripts/Append_Timestamp.sh BP >> /mount/RWS4/batch_jobs/log/Append_Timestamp"
"BPANZ","CL15","BPANZ - Copy AU DailyAbsenceReporttoSFTP [BP]","*/30 * * * *","America/New_York","2026-07-24 02:30:00","2026-07-24T06:30:00.000Z","2026-07-24 12:00:00","/mount/RWS4/batch_jobs/scripts/Copy_AU_DailyAbsenceReporttoSFTP.sh BP > /mount/RWS4/batch_jobs/log/C"
"BPANZ","CL15","BPANZ - CopyCognosReporttoPayrollfolderNZ [BP]","*/30 * * * *","America/New_York","2026-07-24 02:30:00","2026-07-24T06:30:00.000Z","2026-07-24 12:00:00","/mount/RWS4/batch_jobs/scripts/CopyCognosReporttoPayrollfolderNZ.sh BP >> /mount/RWS4/batch_jobs/log"
"BPG","CL78","BPG - Append Timestamp [BP]","*/5 * * * *","Europe/Berlin","2026-07-24 08:30:00","2026-07-24T06:30:00.000Z","2026-07-24 12:00:00","/mount/RWS4/batch_jobs/scripts/Append_Timestamp.sh BP >/dev/null 2>&1"
"COP","CL12","COP - download","*/30 * * * *","America/New_York","2026-07-24 02:30:00","2026-07-24T06:30:00.000Z","2026-07-24 12:00:00","/mount/RWS4/batch_jobs/scripts/download.sh >> /mount/RWS4/batch_jobs/log/dataimports.log"
"DIX","CL52","DIX - encryptExtracts [DIX]","*/15 * * * *","Europe/London","2026-07-24 07:30:00","2026-07-24T06:30:00.000Z","2026-07-24 12:00:00","/mount/RWS4/batch_jobs/scripts/encryptExtracts.sh DIX >> /mount/RWS4/batch_jobs/log/encryptExtracts."
"DIX","CL52","DIX - workflow [POPULATERFCMETRICDATA 0 0 DIX]","*/10 * * * *","Europe/London","2026-07-24 07:30:00","2026-07-24T06:30:00.000Z","2026-07-24 12:00:00","/mount/RWS4/batch_jobs/scripts/workflow.sh POPULATERFCMETRICDATA 0 0 DIX >> /mount/RWS4/batch_jobs/l"
"EYE","CL23","EYE - GrossEarningExtracts","*/30 * * * *","America/New_York","2026-07-24 02:30:00","2026-07-24T06:30:00.000Z","2026-07-24 12:00:00","/mount/RWS4/batch_jobs/scripts/GrossEarningExtracts.sh >> /mount/RWS4/batch_jobs/log/GrossEarningExt"
"HMROW","CL53","HMROW - sync clocking event [HNM]","*/5 * * * *","Europe/London","2026-07-24 07:30:00","2026-07-24T06:30:00.000Z","2026-07-24 12:00:00","/mount/RWS4/batch_jobs/scripts/sync_clocking_event.sh HNM >> /mount/RWS4/batch_jobs/log/sync_clockin"
"HMROW","CL53","HMROW - sync from Sftp VD","*/15 * * * *","Europe/London","2026-07-24 07:30:00","2026-07-24T06:30:00.000Z","2026-07-24 12:00:00","/mount/RWS4/batch_jobs/scripts/sync_from_Sftp_VD.sh >> /mount/RWS4/batch_jobs/log/sync_from_Sftp_VD."
"HMROW","CL53","HMROW - sync to Sftp [HNM]","*/15 * * * *","Europe/London","2026-07-24 07:30:00","2026-07-24T06:30:00.000Z","2026-07-24 12:00:00","/mount/RWS4/batch_jobs/scripts/sync_to_Sftp.sh HNM >> /mount/RWS4/batch_jobs/log/sync_to_Sftp.log 2>"
"HMROW","CL53","HMROW - sync to Sftp payroll CountrySpecific (*/30 * * * *)","*/30 * * * *","Europe/London","2026-07-24 07:30:00","2026-07-24T06:30:00.000Z","2026-07-24 12:00:00","/mount/RWS4/batch_jobs/scripts/sync_to_Sftp_payroll_CountrySpecific.sh >> /mount/RWS4/batch_jobs/log"
"HMROW","CL53","HMROW - sync to Sftp payroll [HNM]","*/15 * * * *","Europe/London","2026-07-24 07:30:00","2026-07-24T06:30:00.000Z","2026-07-24 12:00:00","/mount/RWS4/batch_jobs/scripts/sync_to_Sftp_payroll.sh HNM >> /mount/RWS4/batch_jobs/log/sync_to_Sft"
"HMROW","CL53","HMROW - workflow [ClockingEventJob 0 0 HNM]","*/6 * * * *","Europe/London","2026-07-24 07:30:00","2026-07-24T06:30:00.000Z","2026-07-24 12:00:00","/mount/RWS4/batch_jobs/scripts/workflow.sh ClockingEventJob 0 0 HNM >> /mount/RWS4/batch_jobs/log/Cl"
"HNMG","CL77","HNMG - sync from Sftp","*/15 * * * *","Europe/Berlin","2026-07-24 08:30:00","2026-07-24T06:30:00.000Z","2026-07-24 12:00:00","/mount/RWS4/batch_jobs/scripts/sync_from_Sftp.sh >> /mount/RWS4/batch_jobs/log/sync_from_Sftp.log 2>"
"HNMG","CL77","HNMG - sync to Sftp [HNM]","*/15 * * * *","Europe/Berlin","2026-07-24 08:30:00","2026-07-24T06:30:00.000Z","2026-07-24 12:00:00","/mount/RWS4/batch_jobs/scripts/sync_to_Sftp.sh HNM >> /mount/RWS4/batch_jobs/log/sync_to_Sftp.log 2>"
"HNMG","CL77","HNMG - upload payfile","*/30 * * * *","Europe/Berlin","2026-07-24 08:30:00","2026-07-24T06:30:00.000Z","2026-07-24 12:00:00","/mount/RWS4/batch_jobs/scripts/upload_payfile.sh  >/dev/null 2>&1"
"HOLT","CL26","HOLT - monitor HOLT NewTaUnitPayDetailGeneratorJob","*/10 * * * *","America/New_York","2026-07-24 02:30:00","2026-07-24T06:30:00.000Z","2026-07-24 12:00:00","/mount/RWS4/batch_jobs/WAPM/scripts/monitor_HOLT_NewTaUnitPayDetailGeneratorJob.sh >> /mount/RWS4/ba"
"IKI","CL54","IKI - encryptExtracts [IKI]","*/30 * * * *","Europe/Helsinki","2026-07-24 09:30:00","2026-07-24T06:30:00.000Z","2026-07-24 12:00:00","/mount/RWS4/batch_jobs/scripts/encryptExtracts.sh IKI >> /mount/RWS4/batch_jobs/log/encryptsExtracts"
"INSP","CL03","INSP - customAbsencesExtracts","*/5 * * * *","America/New_York","2026-07-24 02:30:00","2026-07-24T06:30:00.000Z","2026-07-24 12:00:00","/mount/RWS4/batch_jobs/scripts/customAbsencesExtracts.sh >> /mount/RWS4/batch_jobs/log/customAbsence"
"INSP","CL03","INSP - customEncryptInfotype7Extracts","*/15 * * * *","America/New_York","2026-07-24 02:30:00","2026-07-24T06:30:00.000Z","2026-07-24 12:00:00","/mount/RWS4/batch_jobs/scripts/customEncryptInfotype7Extracts.sh >> /mount/RWS4/batch_jobs/log/custo"
"MB","CL55","MB - download","*/15 * * * *","Europe/London","2026-07-24 07:30:00","2026-07-24T06:30:00.000Z","2026-07-24 12:00:00","/mount/RWS4/batch_jobs/scripts/download.sh >> /mount/RWS4/batch_jobs/log/dataimports.log"
"MB","CL55","MB - monitor MBR NewTaUnitPayDetailGeneratorJob","*/2 * * * *","Europe/London","2026-07-24 07:30:00","2026-07-24T06:30:00.000Z","2026-07-24 12:00:00","/mount/RWS4/batch_jobs/scripts/monitor_MBR_NewTaUnitPayDetailGeneratorJob.sh >> /mount/RWS4/batch_jo"
"MCDDE","CL75","MCDDE - WFMExtracts to sftp [MCDDE]","*/15 * * * *","Europe/Berlin","2026-07-24 08:30:00","2026-07-24T06:30:00.000Z","2026-07-24 12:00:00","/mount/RWS4/batch_jobs/scripts/WFMExtracts_to_sftp.sh MCDDE >> /mount/RWS4/batch_jobs/log/WFMExtract"
"MCDDE","CL75","MCDDE - cognos extract to sftp [MCDDE] (*/30 1-21 * * *)","*/30 1-21 * * *","Europe/Berlin","2026-07-24 08:30:00","2026-07-24T06:30:00.000Z","2026-07-24 12:00:00","/mount/RWS4/batch_jobs/scripts/cognos_extract_to_sftp.sh MCDDE >> /mount/RWS4/batch_jobs/log/cognos_"
"MCDDE","CL75","MCDDE - encryptExtracts [MCDDE]","*/15 * * * *","Europe/Berlin","2026-07-24 08:30:00","2026-07-24T06:30:00.000Z","2026-07-24 12:00:00","/mount/RWS4/batch_jobs/scripts/encryptExtracts.sh MCDDE >> /mount/RWS4/batch_jobs/log/encryptExtract"
"MCDDE","CL75","MCDDE - sftpRetry","*/30 * * * *","Europe/Berlin","2026-07-24 08:30:00","2026-07-24T06:30:00.000Z","2026-07-24 12:00:00","/mount/RWS4/batch_jobs/scripts/sftpRetry.sh >> /mount/RWS4/batch_jobs/log/sftpRetry.log 2>&1"
"MCDDE","CL75","MCDDE - upload payfiles to sftp [MCDDE]","*/5 * * * *","Europe/Berlin","2026-07-24 08:30:00","2026-07-24T06:30:00.000Z","2026-07-24 12:00:00","/mount/RWS4/batch_jobs/scripts/upload_payfiles_to_sftp.sh MCDDE >> /mount/RWS4/batch_jobs/log/upload"
"MCDPL","CL51","MCDPL - encryptExtracts","*/5 * * * *","Europe/London","2026-07-24 07:30:00","2026-07-24T06:30:00.000Z","2026-07-24 12:00:00","/mount/RWS4/batch_jobs/scripts/encryptExtracts.sh >> /mount/RWS4/batch_jobs/log/encryptExtracts.log"
"MCDPL","CL51","MCDPL - movefile","30 07,11,13,17 * * *","Europe/London","2026-07-24 07:30:00","2026-07-24T06:30:00.000Z","2026-07-24 12:00:00","/mount/RWS4/batch_jobs/scripts/movefile.sh >> /mount/RWS4/batch_jobs/log/movefile_$(date +\%Y-\%m-\%"
"MRW","CL51","MRW - download [MOR]","*/15 * * * *","Europe/London","2026-07-24 07:30:00","2026-07-24T06:30:00.000Z","2026-07-24 12:00:00","/mount/RWS4/batch_jobs/scripts/download.sh MOR>> /mount/RWS4/batch_jobs/log/processDataImports.log 2"
"MRW","CL51","MRW - sync to Sftp [MOR]","*/5 * * * *","Europe/London","2026-07-24 07:30:00","2026-07-24T06:30:00.000Z","2026-07-24 12:00:00","/mount/RWS4/batch_jobs/scripts/sync_to_Sftp.sh MOR>> /mount/RWS4/batch_jobs/scripts/sync_to_Sftp.log"
"ODP41","CL15","ODP41 - MonitorHRCI","30 02 * * *","America/New_York","2026-07-24 02:30:00","2026-07-24T06:30:00.000Z","2026-07-24 12:00:00","/mount/RWS4/batch_jobs/scripts/MonitorHRCI.sh > /dev/null 2>&1"
"ODP41","CL15","ODP41 - encryptExtracts","30 * * * *","America/New_York","2026-07-24 02:30:00","2026-07-24T06:30:00.000Z","2026-07-24 12:00:00","/mount/RWS4/batch_jobs/scripts/encryptExtracts.sh >> /mount/RWS4/batch_jobs/log/encryptExtracts.log "
"OXXO","CL23","OXXO - move Vacaciones","30 * * * *","America/New_York","2026-07-24 02:30:00","2026-07-24T06:30:00.000Z","2026-07-24 12:00:00","/mount/RWS4/batch_jobs/scripts/move_Vacaciones.sh >> /mount/RWS4/batch_jobs/log/move_Vacaciones.log "
"RKH","CL26","RKH - download [RKH]","*/15 * * * *","America/New_York","2026-07-24 02:30:00","2026-07-24T06:30:00.000Z","2026-07-24 12:00:00","/mount/RWS4/batch_jobs/scripts/download.sh RKH >> /mount/RWS4/batch_jobs/log/dataimports.log 2>&1"
"RRS","CL09","RRS - encryptPayfile [RACKROOM]","30 */1 * * *","America/New_York","2026-07-24 02:30:00","2026-07-24T06:30:00.000Z","2026-07-24 12:00:00","/mount/RWS4/batch_jobs/scripts/encryptPayfile.sh RACKROOM >> /mount/RWS4/batch_jobs/log/encryptsPayf"
"SEG","CL26","SEG - encryptExtracts [SEG]","30 * * * *","America/New_York","2026-07-24 02:30:00","2026-07-24T06:30:00.000Z","2026-07-24 12:00:00","/mount/RWS4/batch_jobs/scripts/encryptExtracts.sh SEG >> /mount/RWS4/batch_jobs/log/encryptsExtracts"
"SFC","CL52","SFC - encryptPayfile","*/15 * * * *","Europe/London","2026-07-24 07:30:00","2026-07-24T06:30:00.000Z","2026-07-24 12:00:00","/mount/RWS4/batch_jobs/scripts/encryptPayfile.sh >> /mount/RWS4/batch_jobs/log/encryptPayfile.log 2>"
"SIG","CL17","SIG - CustomExtractsBARC","*/10 * * * *","America/New_York","2026-07-24 02:30:00","2026-07-24T06:30:00.000Z","2026-07-24 12:00:00","/mount/RWS4/batch_jobs/scripts/CustomExtractsBARC.sh >> /mount/RWS4/batch_jobs/log/CustomExtractsBAR"
"SIG","CL17","SIG - download [SIGNET]","30 * * * *","America/New_York","2026-07-24 02:30:00","2026-07-24T06:30:00.000Z","2026-07-24 12:00:00","/mount/RWS4/batch_jobs/scripts/download.sh SIGNET >> /mount/RWS4/batch_jobs/log/dataimports.log 2>&1"
"SIG","CL17","SIG - encryptExtracts [SIGNET]","*/30 * * * *","America/New_York","2026-07-24 02:30:00","2026-07-24T06:30:00.000Z","2026-07-24 12:00:00","/mount/RWS4/batch_jobs/scripts/encryptExtracts.sh SIGNET >> /mount/RWS4/batch_jobs/log/encryptExtrac"
"SIG","CL17","SIG - encryptReportsExtracts","*/30 * * * *","America/New_York","2026-07-24 02:30:00","2026-07-24T06:30:00.000Z","2026-07-24 12:00:00","/mount/RWS4/batch_jobs/scripts/encryptReportsExtracts.sh >> /mount/RWS4/batch_jobs/log/encryptReport"
"SMLC","CL03","SMLC - encryptExtracts [SMLC]","*/30 * * * *","America/New_York","2026-07-24 02:30:00","2026-07-24T06:30:00.000Z","2026-07-24 12:00:00","/mount/RWS4/batch_jobs/scripts/encryptExtracts.sh SMLC >> /mount/RWS4/batch_jobs/log/encryptsExtract"
"TAG","CL03","TAG - download [TAG]","*/30 * * * *","America/New_York","2026-07-24 02:30:00","2026-07-24T06:30:00.000Z","2026-07-24 12:00:00","/mount/RWS4/batch_jobs/scripts/download.sh TAG >> /mount/RWS4/batch_jobs/log/dataimports.log 2>&1"
"TAG","CL03","TAG - encryptExtracts [TAG]","*/30 * * * *","America/New_York","2026-07-24 02:30:00","2026-07-24T06:30:00.000Z","2026-07-24 12:00:00","/mount/RWS4/batch_jobs/scripts/encryptExtracts.sh TAG >> /mount/RWS4/batch_jobs/log/encryptExtracts."
"TLB","CL12","TLB - download","30 * * * *","America/New_York","2026-07-24 02:30:00","2026-07-24T06:30:00.000Z","2026-07-24 12:00:00","/mount/RWS4/batch_jobs/scripts/download.sh >> /mount/RWS4/batch_jobs/log/dataimports.log"
"TWG","CL15","TWG - upload payfile","30 * * * *","Pacific/Auckland","2026-07-24 18:30:00","2026-07-24T06:30:00.000Z","2026-07-24 12:00:00","/mount/RWS4/batch_jobs/scripts/upload_payfile.sh >> /mount/RWS4/batch_jobs/log/upload_payfile.log"
"VEYR","CL15","VEYR - encryptExtracts [VEYR]","30 * * * *","America/New_York","2026-07-24 02:30:00","2026-07-24T06:30:00.000Z","2026-07-24 12:00:00","/mount/RWS4/batch_jobs/scripts/encryptExtracts.sh VEYR>> /mount/RWS4/batch_jobs/log/encryptExtracts."
"WAL","CL07","WAL - DBLogMonitor","*/30 * * * *","America/New_York","2026-07-24 02:30:00","2026-07-24T06:30:00.000Z","2026-07-24 12:00:00","/mount/RWS4/batch_jobs/scripts/DBLogMonitor.sh  > /dev/null  2>&1"
"WAW","CL01","WAW - encryptLOPSExtracts [WAWA]","*/30 * * * *","America/New_York","2026-07-24 02:30:00","2026-07-24T06:30:00.000Z","2026-07-24 12:00:00","/mount/RWS4/batch_jobs/scripts/encryptLOPSExtracts.sh WAWA >> /mount/RWS4/batch_jobs/log/encryptLOPS"
"HMROW","CL53","HMROW - workflow [VDInterval 0 0 HNM]","*/16 * * * *","Europe/London","2026-07-24 07:32:00","2026-07-24T06:32:00.000Z","2026-07-24 12:02:00","/mount/RWS4/batch_jobs/scripts/workflow.sh VDInterval 0 0 HNM >> /mount/RWS4/batch_jobs/log/VDInterv"
"HMROW","CL53","HMROW - workflow [VDPeriod 0 0 HNM]","*/16 * * * *","Europe/London","2026-07-24 07:32:00","2026-07-24T06:32:00.000Z","2026-07-24 12:02:00","/mount/RWS4/batch_jobs/scripts/workflow.sh VDPeriod 0 0 HNM >> /mount/RWS4/batch_jobs/log/VDPeriod.l"
"MB","CL55","MB - monitor MBR NewTaUnitPayDetailGeneratorJob","*/2 * * * *","Europe/London","2026-07-24 07:32:00","2026-07-24T06:32:00.000Z","2026-07-24 12:02:00","/mount/RWS4/batch_jobs/scripts/monitor_MBR_NewTaUnitPayDetailGeneratorJob.sh >> /mount/RWS4/batch_jo"
"VEYR","CL15","VEYR - monitor VEYR NewTaUnitPayDetailGeneratorJob","*/8 * * * *","America/New_York","2026-07-24 02:32:00","2026-07-24T06:32:00.000Z","2026-07-24 12:02:00","/mount/RWS4/batch_jobs/WAPM/scripts/monitor_VEYR_NewTaUnitPayDetailGeneratorJob.sh >> /mount/RWS4/ba"
"MB","CL55","MB - monitor MBR NewTaUnitPayDetailGeneratorJob","*/2 * * * *","Europe/London","2026-07-24 07:34:00","2026-07-24T06:34:00.000Z","2026-07-24 12:04:00","/mount/RWS4/batch_jobs/scripts/monitor_MBR_NewTaUnitPayDetailGeneratorJob.sh >> /mount/RWS4/batch_jo"
"RLY","CL25","RLY - encryptPayfile [RLY]","*/17 * * * *","America/New_York","2026-07-24 02:34:00","2026-07-24T06:34:00.000Z","2026-07-24 12:04:00","/mount/RWS4/batch_jobs/scripts/encryptPayfile.sh RLY >> /mount/RWS4/batch_jobs/log/encryptsPayfile.l"
"BPANZ","CL15","BPANZ - Append Timestamp [BP]","*/5 * * * *","America/New_York","2026-07-24 02:35:00","2026-07-24T06:35:00.000Z","2026-07-24 12:05:00","/mount/RWS4/batch_jobs/scripts/Append_Timestamp.sh BP >> /mount/RWS4/batch_jobs/log/Append_Timestamp"
"BPG","CL78","BPG - Append Timestamp [BP]","*/5 * * * *","Europe/Berlin","2026-07-24 08:35:00","2026-07-24T06:35:00.000Z","2026-07-24 12:05:00","/mount/RWS4/batch_jobs/scripts/Append_Timestamp.sh BP >/dev/null 2>&1"
"HMROW","CL53","HMROW - sync clocking event [HNM]","*/5 * * * *","Europe/London","2026-07-24 07:35:00","2026-07-24T06:35:00.000Z","2026-07-24 12:05:00","/mount/RWS4/batch_jobs/scripts/sync_clocking_event.sh HNM >> /mount/RWS4/batch_jobs/log/sync_clockin"
"IKI","CL54","IKI - encryptPayfile [IKI]","35 * * * *","Europe/Helsinki","2026-07-24 09:35:00","2026-07-24T06:35:00.000Z","2026-07-24 12:05:00","/mount/RWS4/batch_jobs/scripts/encryptPayfile.sh IKI >> /mount/RWS4/batch_jobs/log/encryptPayfile.lo"
"INSP","CL03","INSP - customAbsencesExtracts","*/5 * * * *","America/New_York","2026-07-24 02:35:00","2026-07-24T06:35:00.000Z","2026-07-24 12:05:00","/mount/RWS4/batch_jobs/scripts/customAbsencesExtracts.sh >> /mount/RWS4/batch_jobs/log/customAbsence"
"MCDDE","CL75","MCDDE - upload payfiles to sftp [MCDDE]","*/5 * * * *","Europe/Berlin","2026-07-24 08:35:00","2026-07-24T06:35:00.000Z","2026-07-24 12:05:00","/mount/RWS4/batch_jobs/scripts/upload_payfiles_to_sftp.sh MCDDE >> /mount/RWS4/batch_jobs/log/upload"
"MCDPL","CL51","MCDPL - encryptExtracts","*/5 * * * *","Europe/London","2026-07-24 07:35:00","2026-07-24T06:35:00.000Z","2026-07-24 12:05:00","/mount/RWS4/batch_jobs/scripts/encryptExtracts.sh >> /mount/RWS4/batch_jobs/log/encryptExtracts.log"
"MRW","CL51","MRW - sync to Sftp [MOR]","*/5 * * * *","Europe/London","2026-07-24 07:35:00","2026-07-24T06:35:00.000Z","2026-07-24 12:05:00","/mount/RWS4/batch_jobs/scripts/sync_to_Sftp.sh MOR>> /mount/RWS4/batch_jobs/scripts/sync_to_Sftp.log"
"TLB","CL12","TLB - encryptPayfile","5,35 * * * *","America/New_York","2026-07-24 02:35:00","2026-07-24T06:35:00.000Z","2026-07-24 12:05:00","/mount/RWS4/batch_jobs/scripts/encryptPayfile.sh >> /mount/RWS4/batch_jobs/log/encryptsPayfile.log 2"
"WAL","CL07","WAL - encryptExtracts","05,35 * * * *","America/New_York","2026-07-24 02:35:00","2026-07-24T06:35:00.000Z","2026-07-24 12:05:00","/mount/RWS4/batch_jobs/scripts/encryptExtracts.sh >> /mount/RWS4/batch_jobs/log/encryptExtracts.log "
"BPG","CL78","BPG - CopyPLReporttoSFTP [BP]","*/36 * * * *","Europe/Berlin","2026-07-24 08:36:00","2026-07-24T06:36:00.000Z","2026-07-24 12:06:00","/mount/RWS4/batch_jobs/scripts/CopyPLReporttoSFTP.sh BP>> /mount/RWS4/batch_jobs/log/CopyPLReporttoS"
"HMROW","CL53","HMROW - workflow [ClockingEventJob 0 0 HNM]","*/6 * * * *","Europe/London","2026-07-24 07:36:00","2026-07-24T06:36:00.000Z","2026-07-24 12:06:00","/mount/RWS4/batch_jobs/scripts/workflow.sh ClockingEventJob 0 0 HNM >> /mount/RWS4/batch_jobs/log/Cl"
"MB","CL55","MB - monitor MBR NewTaUnitPayDetailGeneratorJob","*/2 * * * *","Europe/London","2026-07-24 07:36:00","2026-07-24T06:36:00.000Z","2026-07-24 12:06:00","/mount/RWS4/batch_jobs/scripts/monitor_MBR_NewTaUnitPayDetailGeneratorJob.sh >> /mount/RWS4/batch_jo"
"MB","CL55","MB - monitor MBR NewTaUnitPayDetailGeneratorJob","*/2 * * * *","Europe/London","2026-07-24 07:38:00","2026-07-24T06:38:00.000Z","2026-07-24 12:08:00","/mount/RWS4/batch_jobs/scripts/monitor_MBR_NewTaUnitPayDetailGeneratorJob.sh >> /mount/RWS4/batch_jo"
"HMROW","CL53","HMROW - sync clocking event","9,19,29,39,49,59 * * * *","Europe/London","2026-07-24 07:39:00","2026-07-24T06:39:00.000Z","2026-07-24 12:09:00","/mount/RWS4/batch_jobs/scripts/sync_clocking_event.sh >> /mount/RWS4/batch_jobs/log/sync_clocking_ev"
"AZO","CL17","AZO - Monitoring RWS Processes [EXTRACTS_CHECK COSTSEGMENT Y]","40 02 * * *","America/New_York","2026-07-24 02:40:00","2026-07-24T06:40:00.000Z","2026-07-24 12:10:00","/mount/RWS4/batch_jobs/WAPM/scripts/Monitoring_RWS_Processes.sh EXTRACTS_CHECK COSTSEGMENT Y"
"BPANZ","CL15","BPANZ - Append Timestamp [BP]","*/5 * * * *","America/New_York","2026-07-24 02:40:00","2026-07-24T06:40:00.000Z","2026-07-24 12:10:00","/mount/RWS4/batch_jobs/scripts/Append_Timestamp.sh BP >> /mount/RWS4/batch_jobs/log/Append_Timestamp"
"BPG","CL78","BPG - Append Timestamp [BP]","*/5 * * * *","Europe/Berlin","2026-07-24 08:40:00","2026-07-24T06:40:00.000Z","2026-07-24 12:10:00","/mount/RWS4/batch_jobs/scripts/Append_Timestamp.sh BP >/dev/null 2>&1"
"BPG","CL78","BPG - upload payfile PL [BP]","*/20 * * * *","Europe/Berlin","2026-07-24 08:40:00","2026-07-24T06:40:00.000Z","2026-07-24 12:10:00","/mount/RWS4/batch_jobs/scripts/upload_payfile_PL.sh BP>> /mount/RWS4/batch_jobs/log/PayFile_Upload_P"
"DIX","CL52","DIX - workflow [HRTS 3 ""SUPPLIER_STORES"" DIX]","*/20 * * * *","Europe/London","2026-07-24 07:40:00","2026-07-24T06:40:00.000Z","2026-07-24 12:10:00","/mount/RWS4/batch_jobs/scripts/workflow.sh HRTS 3 ""SUPPLIER_STORES"" DIX >> /mount/RWS4/batch_jobs/lo"
"DIX","CL52","DIX - workflow [POPULATERFCMETRICDATA 0 0 DIX]","*/10 * * * *","Europe/London","2026-07-24 07:40:00","2026-07-24T06:40:00.000Z","2026-07-24 12:10:00","/mount/RWS4/batch_jobs/scripts/workflow.sh POPULATERFCMETRICDATA 0 0 DIX >> /mount/RWS4/batch_jobs/l"
"HMROW","CL53","HMROW - sync clocking event [HNM]","*/5 * * * *","Europe/London","2026-07-24 07:40:00","2026-07-24T06:40:00.000Z","2026-07-24 12:10:00","/mount/RWS4/batch_jobs/scripts/sync_clocking_event.sh HNM >> /mount/RWS4/batch_jobs/log/sync_clockin"
"HOLT","CL26","HOLT - monitor HOLT NewTaUnitPayDetailGeneratorJob","*/10 * * * *","America/New_York","2026-07-24 02:40:00","2026-07-24T06:40:00.000Z","2026-07-24 12:10:00","/mount/RWS4/batch_jobs/WAPM/scripts/monitor_HOLT_NewTaUnitPayDetailGeneratorJob.sh >> /mount/RWS4/ba"
"INSP","CL03","INSP - customAbsencesExtracts","*/5 * * * *","America/New_York","2026-07-24 02:40:00","2026-07-24T06:40:00.000Z","2026-07-24 12:10:00","/mount/RWS4/batch_jobs/scripts/customAbsencesExtracts.sh >> /mount/RWS4/batch_jobs/log/customAbsence"
"MB","CL55","MB - monitor MBR NewTaUnitPayDetailGeneratorJob","*/2 * * * *","Europe/London","2026-07-24 07:40:00","2026-07-24T06:40:00.000Z","2026-07-24 12:10:00","/mount/RWS4/batch_jobs/scripts/monitor_MBR_NewTaUnitPayDetailGeneratorJob.sh >> /mount/RWS4/batch_jo"
"MCDDE","CL75","MCDDE - upload payfiles to sftp [MCDDE]","*/5 * * * *","Europe/Berlin","2026-07-24 08:40:00","2026-07-24T06:40:00.000Z","2026-07-24 12:10:00","/mount/RWS4/batch_jobs/scripts/upload_payfiles_to_sftp.sh MCDDE >> /mount/RWS4/batch_jobs/log/upload"
"MCDPL","CL51","MCDPL - encryptExtracts","*/5 * * * *","Europe/London","2026-07-24 07:40:00","2026-07-24T06:40:00.000Z","2026-07-24 12:10:00","/mount/RWS4/batch_jobs/scripts/encryptExtracts.sh >> /mount/RWS4/batch_jobs/log/encryptExtracts.log"
"MRW","CL51","MRW - sync to Sftp [MOR]","*/5 * * * *","Europe/London","2026-07-24 07:40:00","2026-07-24T06:40:00.000Z","2026-07-24 12:10:00","/mount/RWS4/batch_jobs/scripts/sync_to_Sftp.sh MOR>> /mount/RWS4/batch_jobs/scripts/sync_to_Sftp.log"
"SIG","CL17","SIG - CustomExtractsBARC","*/10 * * * *","America/New_York","2026-07-24 02:40:00","2026-07-24T06:40:00.000Z","2026-07-24 12:10:00","/mount/RWS4/batch_jobs/scripts/CustomExtractsBARC.sh >> /mount/RWS4/batch_jobs/log/CustomExtractsBAR"
"VEYR","CL15","VEYR - monitor VEYR NewTaUnitPayDetailGeneratorJob","*/8 * * * *","America/New_York","2026-07-24 02:40:00","2026-07-24T06:40:00.000Z","2026-07-24 12:10:00","/mount/RWS4/batch_jobs/WAPM/scripts/monitor_VEYR_NewTaUnitPayDetailGeneratorJob.sh >> /mount/RWS4/ba"
"BCF","CL25","BCF - encryptPayfile [BCF]","11,41 * * * *","America/New_York","2026-07-24 02:41:00","2026-07-24T06:41:00.000Z","2026-07-24 12:11:00","/mount/RWS4/batch_jobs/scripts/encryptPayfile.sh BCF >> /mount/RWS4/batch_jobs/log/encryptsPayfile.l"
"HMROW","CL53","HMROW - workflow [ClockingEventJob 0 0 HNM]","*/6 * * * *","Europe/London","2026-07-24 07:42:00","2026-07-24T06:42:00.000Z","2026-07-24 12:12:00","/mount/RWS4/batch_jobs/scripts/workflow.sh ClockingEventJob 0 0 HNM >> /mount/RWS4/batch_jobs/log/Cl"
"MB","CL55","MB - monitor MBR NewTaUnitPayDetailGeneratorJob","*/2 * * * *","Europe/London","2026-07-24 07:42:00","2026-07-24T06:42:00.000Z","2026-07-24 12:12:00","/mount/RWS4/batch_jobs/scripts/monitor_MBR_NewTaUnitPayDetailGeneratorJob.sh >> /mount/RWS4/batch_jo"
"MB","CL55","MB - monitor MBR NewTaUnitPayDetailGeneratorJob","*/2 * * * *","Europe/London","2026-07-24 07:44:00","2026-07-24T06:44:00.000Z","2026-07-24 12:14:00","/mount/RWS4/batch_jobs/scripts/monitor_MBR_NewTaUnitPayDetailGeneratorJob.sh >> /mount/RWS4/batch_jo"
"TWG","CL15","TWG - monitor TWG RTATerminationPayJob","*/22 * * * *","Pacific/Auckland","2026-07-24 18:44:00","2026-07-24T06:44:00.000Z","2026-07-24 12:14:00","/mount/RWS4/batch_jobs/scripts/monitor_TWG_RTATerminationPayJob.sh >> /mount/RWS4/batch_jobs/logs/mo"
"BNQ","CL52","BNQ - download","*/15 * * * *","Europe/London","2026-07-24 07:45:00","2026-07-24T06:45:00.000Z","2026-07-24 12:15:00","/mount/RWS4/batch_jobs/scripts/download.sh >> /mount/RWS4/batch_jobs/log/dataimports.log"
"BNQ","CL52","BNQ - sync clocking event","*/15 * * * *","Europe/London","2026-07-24 07:45:00","2026-07-24T06:45:00.000Z","2026-07-24 12:15:00","/mount/RWS4/batch_jobs/scripts/sync_clocking_event.sh >> /mount/RWS4/batch_jobs/log/sync_clocking_ev"
"BPANZ","CL15","BPANZ - Append Timestamp [BP]","*/5 * * * *","America/New_York","2026-07-24 02:45:00","2026-07-24T06:45:00.000Z","2026-07-24 12:15:00","/mount/RWS4/batch_jobs/scripts/Append_Timestamp.sh BP >> /mount/RWS4/batch_jobs/log/Append_Timestamp"
"BPG","CL78","BPG - Append Timestamp [BP]","*/5 * * * *","Europe/Berlin","2026-07-24 08:45:00","2026-07-24T06:45:00.000Z","2026-07-24 12:15:00","/mount/RWS4/batch_jobs/scripts/Append_Timestamp.sh BP >/dev/null 2>&1"
"BPG","CL78","BPG - Upload ES Cognose Extract SFTP [BP]","*/45 * * * *","Europe/Berlin","2026-07-24 08:45:00","2026-07-24T06:45:00.000Z","2026-07-24 12:15:00","/mount/RWS4/batch_jobs/scripts/Upload_ES_Cognose_Extract_SFTP.sh BP > /mount/RWS4/batch_jobs/log/Upl"
"DIX","CL52","DIX - encryptExtracts [DIX]","*/15 * * * *","Europe/London","2026-07-24 07:45:00","2026-07-24T06:45:00.000Z","2026-07-24 12:15:00","/mount/RWS4/batch_jobs/scripts/encryptExtracts.sh DIX >> /mount/RWS4/batch_jobs/log/encryptExtracts."
"HMROW","CL53","HMROW - sync clocking event [HNM]","*/5 * * * *","Europe/London","2026-07-24 07:45:00","2026-07-24T06:45:00.000Z","2026-07-24 12:15:00","/mount/RWS4/batch_jobs/scripts/sync_clocking_event.sh HNM >> /mount/RWS4/batch_jobs/log/sync_clockin"
"HMROW","CL53","HMROW - sync from Sftp VD","*/15 * * * *","Europe/London","2026-07-24 07:45:00","2026-07-24T06:45:00.000Z","2026-07-24 12:15:00","/mount/RWS4/batch_jobs/scripts/sync_from_Sftp_VD.sh >> /mount/RWS4/batch_jobs/log/sync_from_Sftp_VD."
"HMROW","CL53","HMROW - sync to Sftp [HNM]","*/15 * * * *","Europe/London","2026-07-24 07:45:00","2026-07-24T06:45:00.000Z","2026-07-24 12:15:00","/mount/RWS4/batch_jobs/scripts/sync_to_Sftp.sh HNM >> /mount/RWS4/batch_jobs/log/sync_to_Sftp.log 2>"
"HMROW","CL53","HMROW - sync to Sftp payroll [HNM]","*/15 * * * *","Europe/London","2026-07-24 07:45:00","2026-07-24T06:45:00.000Z","2026-07-24 12:15:00","/mount/RWS4/batch_jobs/scripts/sync_to_Sftp_payroll.sh HNM >> /mount/RWS4/batch_jobs/log/sync_to_Sft"
"HNMG","CL77","HNMG - sync from Sftp","*/15 * * * *","Europe/Berlin","2026-07-24 08:45:00","2026-07-24T06:45:00.000Z","2026-07-24 12:15:00","/mount/RWS4/batch_jobs/scripts/sync_from_Sftp.sh >> /mount/RWS4/batch_jobs/log/sync_from_Sftp.log 2>"
"HNMG","CL77","HNMG - sync to Sftp [HNM]","*/15 * * * *","Europe/Berlin","2026-07-24 08:45:00","2026-07-24T06:45:00.000Z","2026-07-24 12:15:00","/mount/RWS4/batch_jobs/scripts/sync_to_Sftp.sh HNM >> /mount/RWS4/batch_jobs/log/sync_to_Sftp.log 2>"
"INSP","CL03","INSP - customAbsencesExtracts","*/5 * * * *","America/New_York","2026-07-24 02:45:00","2026-07-24T06:45:00.000Z","2026-07-24 12:15:00","/mount/RWS4/batch_jobs/scripts/customAbsencesExtracts.sh >> /mount/RWS4/batch_jobs/log/customAbsence"
"INSP","CL03","INSP - customEncryptInfotype7Extracts","*/15 * * * *","America/New_York","2026-07-24 02:45:00","2026-07-24T06:45:00.000Z","2026-07-24 12:15:00","/mount/RWS4/batch_jobs/scripts/customEncryptInfotype7Extracts.sh >> /mount/RWS4/batch_jobs/log/custo"
"MB","CL55","MB - download","*/15 * * * *","Europe/London","2026-07-24 07:45:00","2026-07-24T06:45:00.000Z","2026-07-24 12:15:00","/mount/RWS4/batch_jobs/scripts/download.sh >> /mount/RWS4/batch_jobs/log/dataimports.log"
"MCDDE","CL75","MCDDE - WFMExtracts to sftp [MCDDE]","*/15 * * * *","Europe/Berlin","2026-07-24 08:45:00","2026-07-24T06:45:00.000Z","2026-07-24 12:15:00","/mount/RWS4/batch_jobs/scripts/WFMExtracts_to_sftp.sh MCDDE >> /mount/RWS4/batch_jobs/log/WFMExtract"
"MCDDE","CL75","MCDDE - encryptExtracts [MCDDE]","*/15 * * * *","Europe/Berlin","2026-07-24 08:45:00","2026-07-24T06:45:00.000Z","2026-07-24 12:15:00","/mount/RWS4/batch_jobs/scripts/encryptExtracts.sh MCDDE >> /mount/RWS4/batch_jobs/log/encryptExtract"
"MCDDE","CL75","MCDDE - upload payfiles to sftp [MCDDE]","*/5 * * * *","Europe/Berlin","2026-07-24 08:45:00","2026-07-24T06:45:00.000Z","2026-07-24 12:15:00","/mount/RWS4/batch_jobs/scripts/upload_payfiles_to_sftp.sh MCDDE >> /mount/RWS4/batch_jobs/log/upload"
"MCDPL","CL51","MCDPL - encryptExtracts","*/5 * * * *","Europe/London","2026-07-24 07:45:00","2026-07-24T06:45:00.000Z","2026-07-24 12:15:00","/mount/RWS4/batch_jobs/scripts/encryptExtracts.sh >> /mount/RWS4/batch_jobs/log/encryptExtracts.log"
"MRW","CL51","MRW - download [MOR]","*/15 * * * *","Europe/London","2026-07-24 07:45:00","2026-07-24T06:45:00.000Z","2026-07-24 12:15:00","/mount/RWS4/batch_jobs/scripts/download.sh MOR>> /mount/RWS4/batch_jobs/log/processDataImports.log 2"
"MRW","CL51","MRW - sync to Sftp [MOR]","*/5 * * * *","Europe/London","2026-07-24 07:45:00","2026-07-24T06:45:00.000Z","2026-07-24 12:15:00","/mount/RWS4/batch_jobs/scripts/sync_to_Sftp.sh MOR>> /mount/RWS4/batch_jobs/scripts/sync_to_Sftp.log"
"RKH","CL26","RKH - download [RKH]","*/15 * * * *","America/New_York","2026-07-24 02:45:00","2026-07-24T06:45:00.000Z","2026-07-24 12:15:00","/mount/RWS4/batch_jobs/scripts/download.sh RKH >> /mount/RWS4/batch_jobs/log/dataimports.log 2>&1"
"SFC","CL52","SFC - encryptPayfile","*/15 * * * *","Europe/London","2026-07-24 07:45:00","2026-07-24T06:45:00.000Z","2026-07-24 12:15:00","/mount/RWS4/batch_jobs/scripts/encryptPayfile.sh >> /mount/RWS4/batch_jobs/log/encryptPayfile.log 2>"
"MB","CL55","MB - monitor MBR NewTaUnitPayDetailGeneratorJob","*/2 * * * *","Europe/London","2026-07-24 07:46:00","2026-07-24T06:46:00.000Z","2026-07-24 12:16:00","/mount/RWS4/batch_jobs/scripts/monitor_MBR_NewTaUnitPayDetailGeneratorJob.sh >> /mount/RWS4/batch_jo"
"HMROW","CL53","HMROW - workflow [ClockingEventJob 0 0 HNM]","*/6 * * * *","Europe/London","2026-07-24 07:48:00","2026-07-24T06:48:00.000Z","2026-07-24 12:18:00","/mount/RWS4/batch_jobs/scripts/workflow.sh ClockingEventJob 0 0 HNM >> /mount/RWS4/batch_jobs/log/Cl"
"HMROW","CL53","HMROW - workflow [VDInterval 0 0 HNM]","*/16 * * * *","Europe/London","2026-07-24 07:48:00","2026-07-24T06:48:00.000Z","2026-07-24 12:18:00","/mount/RWS4/batch_jobs/scripts/workflow.sh VDInterval 0 0 HNM >> /mount/RWS4/batch_jobs/log/VDInterv"
"HMROW","CL53","HMROW - workflow [VDPeriod 0 0 HNM]","*/16 * * * *","Europe/London","2026-07-24 07:48:00","2026-07-24T06:48:00.000Z","2026-07-24 12:18:00","/mount/RWS4/batch_jobs/scripts/workflow.sh VDPeriod 0 0 HNM >> /mount/RWS4/batch_jobs/log/VDPeriod.l"
"MB","CL55","MB - monitor MBR NewTaUnitPayDetailGeneratorJob","*/2 * * * *","Europe/London","2026-07-24 07:48:00","2026-07-24T06:48:00.000Z","2026-07-24 12:18:00","/mount/RWS4/batch_jobs/scripts/monitor_MBR_NewTaUnitPayDetailGeneratorJob.sh >> /mount/RWS4/batch_jo"
"VEYR","CL15","VEYR - monitor VEYR NewTaUnitPayDetailGeneratorJob","*/8 * * * *","America/New_York","2026-07-24 02:48:00","2026-07-24T06:48:00.000Z","2026-07-24 12:18:00","/mount/RWS4/batch_jobs/WAPM/scripts/monitor_VEYR_NewTaUnitPayDetailGeneratorJob.sh >> /mount/RWS4/ba"
"HMROW","CL53","HMROW - sync clocking event","9,19,29,39,49,59 * * * *","Europe/London","2026-07-24 07:49:00","2026-07-24T06:49:00.000Z","2026-07-24 12:19:00","/mount/RWS4/batch_jobs/scripts/sync_clocking_event.sh >> /mount/RWS4/batch_jobs/log/sync_clocking_ev"
"BPANZ","CL15","BPANZ - Append Timestamp [BP]","*/5 * * * *","America/New_York","2026-07-24 02:50:00","2026-07-24T06:50:00.000Z","2026-07-24 12:20:00","/mount/RWS4/batch_jobs/scripts/Append_Timestamp.sh BP >> /mount/RWS4/batch_jobs/log/Append_Timestamp"
"BPG","CL78","BPG - Append Timestamp [BP]","*/5 * * * *","Europe/Berlin","2026-07-24 08:50:00","2026-07-24T06:50:00.000Z","2026-07-24 12:20:00","/mount/RWS4/batch_jobs/scripts/Append_Timestamp.sh BP >/dev/null 2>&1"
"BSI","CL09","BSI - sftpOutboundRetry [BOTH]","*/25 * * * *","America/New_York","2026-07-24 02:50:00","2026-07-24T06:50:00.000Z","2026-07-24 12:20:00","/mount/RWS4/batch_jobs/scripts/sftpOutboundRetry.sh BOTH >> /mount/RWS4/batch_jobs/log/sftpOutboundR"
"DIX","CL52","DIX - workflow [POPULATERFCMETRICDATA 0 0 DIX]","*/10 * * * *","Europe/London","2026-07-24 07:50:00","2026-07-24T06:50:00.000Z","2026-07-24 12:20:00","/mount/RWS4/batch_jobs/scripts/workflow.sh POPULATERFCMETRICDATA 0 0 DIX >> /mount/RWS4/batch_jobs/l"
"HMROW","CL53","HMROW - sync clocking event [HNM]","*/5 * * * *","Europe/London","2026-07-24 07:50:00","2026-07-24T06:50:00.000Z","2026-07-24 12:20:00","/mount/RWS4/batch_jobs/scripts/sync_clocking_event.sh HNM >> /mount/RWS4/batch_jobs/log/sync_clockin"
"HOLT","CL26","HOLT - monitor HOLT NewTaUnitPayDetailGeneratorJob","*/10 * * * *","America/New_York","2026-07-24 02:50:00","2026-07-24T06:50:00.000Z","2026-07-24 12:20:00","/mount/RWS4/batch_jobs/WAPM/scripts/monitor_HOLT_NewTaUnitPayDetailGeneratorJob.sh >> /mount/RWS4/ba"
"INSP","CL03","INSP - customAbsencesExtracts","*/5 * * * *","America/New_York","2026-07-24 02:50:00","2026-07-24T06:50:00.000Z","2026-07-24 12:20:00","/mount/RWS4/batch_jobs/scripts/customAbsencesExtracts.sh >> /mount/RWS4/batch_jobs/log/customAbsence"
"MB","CL55","MB - monitor MBR NewTaUnitPayDetailGeneratorJob","*/2 * * * *","Europe/London","2026-07-24 07:50:00","2026-07-24T06:50:00.000Z","2026-07-24 12:20:00","/mount/RWS4/batch_jobs/scripts/monitor_MBR_NewTaUnitPayDetailGeneratorJob.sh >> /mount/RWS4/batch_jo"
"MCDDE","CL75","MCDDE - upload payfiles to sftp [MCDDE]","*/5 * * * *","Europe/Berlin","2026-07-24 08:50:00","2026-07-24T06:50:00.000Z","2026-07-24 12:20:00","/mount/RWS4/batch_jobs/scripts/upload_payfiles_to_sftp.sh MCDDE >> /mount/RWS4/batch_jobs/log/upload"
"MCDPL","CL51","MCDPL - encryptExtracts","*/5 * * * *","Europe/London","2026-07-24 07:50:00","2026-07-24T06:50:00.000Z","2026-07-24 12:20:00","/mount/RWS4/batch_jobs/scripts/encryptExtracts.sh >> /mount/RWS4/batch_jobs/log/encryptExtracts.log"
"MRW","CL51","MRW - sync to Sftp [MOR]","*/5 * * * *","Europe/London","2026-07-24 07:50:00","2026-07-24T06:50:00.000Z","2026-07-24 12:20:00","/mount/RWS4/batch_jobs/scripts/sync_to_Sftp.sh MOR>> /mount/RWS4/batch_jobs/scripts/sync_to_Sftp.log"
"SIG","CL17","SIG - CustomExtractsBARC","*/10 * * * *","America/New_York","2026-07-24 02:50:00","2026-07-24T06:50:00.000Z","2026-07-24 12:20:00","/mount/RWS4/batch_jobs/scripts/CustomExtractsBARC.sh >> /mount/RWS4/batch_jobs/log/CustomExtractsBAR"
"RLY","CL25","RLY - encryptPayfile [RLY]","*/17 * * * *","America/New_York","2026-07-24 02:51:00","2026-07-24T06:51:00.000Z","2026-07-24 12:21:00","/mount/RWS4/batch_jobs/scripts/encryptPayfile.sh RLY >> /mount/RWS4/batch_jobs/log/encryptsPayfile.l"
"MB","CL55","MB - monitor MBR NewTaUnitPayDetailGeneratorJob","*/2 * * * *","Europe/London","2026-07-24 07:52:00","2026-07-24T06:52:00.000Z","2026-07-24 12:22:00","/mount/RWS4/batch_jobs/scripts/monitor_MBR_NewTaUnitPayDetailGeneratorJob.sh >> /mount/RWS4/batch_jo"
"HMROW","CL53","HMROW - workflow [ClockingEventJob 0 0 HNM]","*/6 * * * *","Europe/London","2026-07-24 07:54:00","2026-07-24T06:54:00.000Z","2026-07-24 12:24:00","/mount/RWS4/batch_jobs/scripts/workflow.sh ClockingEventJob 0 0 HNM >> /mount/RWS4/batch_jobs/log/Cl"
"MB","CL55","MB - monitor MBR NewTaUnitPayDetailGeneratorJob","*/2 * * * *","Europe/London","2026-07-24 07:54:00","2026-07-24T06:54:00.000Z","2026-07-24 12:24:00","/mount/RWS4/batch_jobs/scripts/monitor_MBR_NewTaUnitPayDetailGeneratorJob.sh >> /mount/RWS4/batch_jo"
"AZO","CL17","AZO - CustomencryptCognosExtractWithHeaderFooter","25,55 * * * *","America/New_York","2026-07-24 02:55:00","2026-07-24T06:55:00.000Z","2026-07-24 12:25:00","/mount/RWS4/batch_jobs/scripts/CustomencryptCognosExtractWithHeaderFooter.sh >> /mount/RWS4/batch_jo"
"BPANZ","CL15","BPANZ - Append Timestamp [BP]","*/5 * * * *","America/New_York","2026-07-24 02:55:00","2026-07-24T06:55:00.000Z","2026-07-24 12:25:00","/mount/RWS4/batch_jobs/scripts/Append_Timestamp.sh BP >> /mount/RWS4/batch_jobs/log/Append_Timestamp"
"BPG","CL78","BPG - Append Timestamp [BP]","*/5 * * * *","Europe/Berlin","2026-07-24 08:55:00","2026-07-24T06:55:00.000Z","2026-07-24 12:25:00","/mount/RWS4/batch_jobs/scripts/Append_Timestamp.sh BP >/dev/null 2>&1"
"HMROW","CL53","HMROW - sync clocking event [HNM]","*/5 * * * *","Europe/London","2026-07-24 07:55:00","2026-07-24T06:55:00.000Z","2026-07-24 12:25:00","/mount/RWS4/batch_jobs/scripts/sync_clocking_event.sh HNM >> /mount/RWS4/batch_jobs/log/sync_clockin"
"INSP","CL03","INSP - customAbsencesExtracts","*/5 * * * *","America/New_York","2026-07-24 02:55:00","2026-07-24T06:55:00.000Z","2026-07-24 12:25:00","/mount/RWS4/batch_jobs/scripts/customAbsencesExtracts.sh >> /mount/RWS4/batch_jobs/log/customAbsence"
"INSP","CL03","INSP - encryptPayfile [INSP]","*/55 * * * *","America/New_York","2026-07-24 02:55:00","2026-07-24T06:55:00.000Z","2026-07-24 12:25:00","/mount/RWS4/batch_jobs/scripts/encryptPayfile.sh INSP >> /mount/RWS4/batch_jobs/log/encryptPayfile.l"
"MCDDE","CL75","MCDDE - mergeVD02 [MCDDE]","25,55 * * * *","Europe/Berlin","2026-07-24 08:55:00","2026-07-24T06:55:00.000Z","2026-07-24 12:25:00","/mount/RWS4/batch_jobs/scripts/mergeVD02.sh MCDDE >> /mount/RWS4/batch_jobs/log/mergeVD02_`date +\%Y"
"MCDDE","CL75","MCDDE - upload payfiles to sftp [MCDDE]","*/5 * * * *","Europe/Berlin","2026-07-24 08:55:00","2026-07-24T06:55:00.000Z","2026-07-24 12:25:00","/mount/RWS4/batch_jobs/scripts/upload_payfiles_to_sftp.sh MCDDE >> /mount/RWS4/batch_jobs/log/upload"
"MCDPL","CL51","MCDPL - encryptExtracts","*/5 * * * *","Europe/London","2026-07-24 07:55:00","2026-07-24T06:55:00.000Z","2026-07-24 12:25:00","/mount/RWS4/batch_jobs/scripts/encryptExtracts.sh >> /mount/RWS4/batch_jobs/log/encryptExtracts.log"
"MRW","CL51","MRW - sync to Sftp [MOR]","*/5 * * * *","Europe/London","2026-07-24 07:55:00","2026-07-24T06:55:00.000Z","2026-07-24 12:25:00","/mount/RWS4/batch_jobs/scripts/sync_to_Sftp.sh MOR>> /mount/RWS4/batch_jobs/scripts/sync_to_Sftp.log"
"MB","CL55","MB - monitor MBR NewTaUnitPayDetailGeneratorJob","*/2 * * * *","Europe/London","2026-07-24 07:56:00","2026-07-24T06:56:00.000Z","2026-07-24 12:26:00","/mount/RWS4/batch_jobs/scripts/monitor_MBR_NewTaUnitPayDetailGeneratorJob.sh >> /mount/RWS4/batch_jo"
"VEYR","CL15","VEYR - monitor VEYR NewTaUnitPayDetailGeneratorJob","*/8 * * * *","America/New_York","2026-07-24 02:56:00","2026-07-24T06:56:00.000Z","2026-07-24 12:26:00","/mount/RWS4/batch_jobs/WAPM/scripts/monitor_VEYR_NewTaUnitPayDetailGeneratorJob.sh >> /mount/RWS4/ba"
"MB","CL55","MB - monitor MBR NewTaUnitPayDetailGeneratorJob","*/2 * * * *","Europe/London","2026-07-24 07:58:00","2026-07-24T06:58:00.000Z","2026-07-24 12:28:00","/mount/RWS4/batch_jobs/scripts/monitor_MBR_NewTaUnitPayDetailGeneratorJob.sh >> /mount/RWS4/batch_jo"
"BAS","CL25","BAS - download [BAS]","59 00,*/1 * * *","America/New_York","2026-07-24 02:59:00","2026-07-24T06:59:00.000Z","2026-07-24 12:29:00","/mount/RWS4/batch_jobs/scripts/download.sh BAS >> /mount/RWS4/batch_jobs/log/dataimports.log 2>&1"
"HMROW","CL53","HMROW - sync clocking event","9,19,29,39,49,59 * * * *","Europe/London","2026-07-24 07:59:00","2026-07-24T06:59:00.000Z","2026-07-24 12:29:00","/mount/RWS4/batch_jobs/scripts/sync_clocking_event.sh >> /mount/RWS4/batch_jobs/log/sync_clocking_ev"
"AAP","CL12","AAP - download","*/30 * * * *","America/New_York","2026-07-24 03:00:00","2026-07-24T07:00:00.000Z","2026-07-24 12:30:00","/mount/RWS4/batch_jobs/scripts/download.sh >> /mount/RWS4/batch_jobs/log/dataimports.log"
"AZMX","CL26","AZMX - Monitoring RWS Processes [IN_FOLDER_CHECK]","0 */1 * * *","America/New_York","2026-07-24 03:00:00","2026-07-24T07:00:00.000Z","2026-07-24 12:30:00","/mount/RWS4/batch_jobs/WAPM/scripts/Monitoring_RWS_Processes.sh IN_FOLDER_CHECK >> /mount/RWS4/batch"
"AZMX","CL26","AZMX - download [AZMX]","*/30 * * * *","America/New_York","2026-07-24 03:00:00","2026-07-24T07:00:00.000Z","2026-07-24 12:30:00","/mount/RWS4/batch_jobs/scripts/download.sh AZMX >> /mount/RWS4/batch_jobs/log/dataimports.log 2>&1"
"AZO","CL17","AZO - Monitoring RWS Processes [EXTRACTS_CHECK AVLREQ Y]","00 03 * * *","America/New_York","2026-07-24 03:00:00","2026-07-24T07:00:00.000Z","2026-07-24 12:30:00","/mount/RWS4/batch_jobs/WAPM/scripts/Monitoring_RWS_Processes.sh EXTRACTS_CHECK AVLREQ Y"
"AZO","CL17","AZO - Monitoring RWS Processes [EXTRACTS_CHECK EMPDET Y]","00 03 * * *","America/New_York","2026-07-24 03:00:00","2026-07-24T07:00:00.000Z","2026-07-24 12:30:00","/mount/RWS4/batch_jobs/WAPM/scripts/Monitoring_RWS_Processes.sh EXTRACTS_CHECK EMPDET Y"
"AZO","CL17","AZO - Monitoring RWS Processes [EXTRACTS_CHECK EMPSFTDET Y]","00 03 * * *","America/New_York","2026-07-24 03:00:00","2026-07-24T07:00:00.000Z","2026-07-24 12:30:00","/mount/RWS4/batch_jobs/WAPM/scripts/Monitoring_RWS_Processes.sh EXTRACTS_CHECK EMPSFTDET Y"
"AZO","CL17","AZO - Monitoring RWS Processes [EXTRACTS_CHECK MGRTMPL Y]","00 03 * * *","America/New_York","2026-07-24 03:00:00","2026-07-24T07:00:00.000Z","2026-07-24 12:30:00","/mount/RWS4/batch_jobs/WAPM/scripts/Monitoring_RWS_Processes.sh EXTRACTS_CHECK MGRTMPL Y"
"AZO","CL17","AZO - Monitoring RWS Processes [EXTRACTS_CHECK SCHALRT Y]","00 03 * * *","America/New_York","2026-07-24 03:00:00","2026-07-24T07:00:00.000Z","2026-07-24 12:30:00","/mount/RWS4/batch_jobs/WAPM/scripts/Monitoring_RWS_Processes.sh EXTRACTS_CHECK SCHALRT Y"
"AZO","CL17","AZO - Monitoring RWS Processes [EXTRACTS_CHECK SFTACTDET Y]","00 03 * * *","America/New_York","2026-07-24 03:00:00","2026-07-24T07:00:00.000Z","2026-07-24 12:30:00","/mount/RWS4/batch_jobs/WAPM/scripts/Monitoring_RWS_Processes.sh EXTRACTS_CHECK SFTACTDET Y"
"BAS","CL25","BAS - encryptPayfile [BAS]","0 */1 * * *","America/New_York","2026-07-24 03:00:00","2026-07-24T07:00:00.000Z","2026-07-24 12:30:00","/mount/RWS4/batch_jobs/scripts/encryptPayfile.sh BAS >> /mount/RWS4/batch_jobs/log/encryptsPayfile.l"
"BAS","CL25","BAS - moveLogsToSftp [BAS 15]","0 */3 * * *","America/New_York","2026-07-24 03:00:00","2026-07-24T07:00:00.000Z","2026-07-24 12:30:00","/mount/RWS4/batch_jobs/scripts/moveLogsToSftp.sh BAS 15 >> /mount/RWS4/batch_jobs/log/moveLogsToSftp"
"BCF","CL25","BCF - download [BCF]","0 */1 * * *","America/New_York","2026-07-24 03:00:00","2026-07-24T07:00:00.000Z","2026-07-24 12:30:00","/mount/RWS4/batch_jobs/scripts/download.sh BCF >> /mount/RWS4/batch_jobs/log/dataimports.log  2>&1"
"BCF","CL25","BCF - encryptExtracts [BCF] (0 3,6,12,15,19 * * *)","0 3,6,12,15,19 * * *","America/New_York","2026-07-24 03:00:00","2026-07-24T07:00:00.000Z","2026-07-24 12:30:00","/mount/RWS4/batch_jobs/scripts/encryptExtracts.sh BCF >> /mount/RWS4/batch_jobs/log/encryptsExtracts"
"BCF","CL25","BCF - workflow [UpdateRfcCalculatedMetrics 76 BCF] (*/30 * * * *)","*/30 * * * *","America/New_York","2026-07-24 03:00:00","2026-07-24T07:00:00.000Z","2026-07-24 12:30:00","/mount/RWS4/batch_jobs/scripts/workflow.sh UpdateRfcCalculatedMetrics -1 76 BCF >> /mount/RWS4/batch"
"BCOP","CL19","BCOP - cleanup","0 3 * * *","America/New_York","2026-07-24 03:00:00","2026-07-24T07:00:00.000Z","2026-07-24 12:30:00","/mount/RWS4/batch_jobs/scripts/cleanup.sh >> /mount/RWS4/batch_jobs/log/cleanup.log 2>&1"
"BCOP","CL19","BCOP - download","*/30 * * * *","America/New_York","2026-07-24 03:00:00","2026-07-24T07:00:00.000Z","2026-07-24 12:30:00","/mount/RWS4/batch_jobs/scripts/download.sh >> /mount/RWS4/batch_jobs/log/dataimports.log"
"BLK","CL12","BLK - Monitoring RWS Processes [UNRESOLVED_PUNCH_MONITORING]","*/30 * * * *","America/New_York","2026-07-24 03:00:00","2026-07-24T07:00:00.000Z","2026-07-24 12:30:00","/mount/RWS4/batch_jobs/WAPM/scripts/Monitoring_RWS_Processes.sh UNRESOLVED_PUNCH_MONITORING"
"BLK","CL12","BLK - cleanup [BELK]","0 3 * * *","America/New_York","2026-07-24 03:00:00","2026-07-24T07:00:00.000Z","2026-07-24 12:30:00","/mount/RWS4/batch_jobs/scripts/cleanup.sh BELK >> /mount/RWS4/batch_jobs/log/cleanup.log 2>&1"
"BNQ","CL52","BNQ - download","*/15 * * * *","Europe/London","2026-07-24 08:00:00","2026-07-24T07:00:00.000Z","2026-07-24 12:30:00","/mount/RWS4/batch_jobs/scripts/download.sh >> /mount/RWS4/batch_jobs/log/dataimports.log"
"BNQ","CL52","BNQ - sync clocking event","*/15 * * * *","Europe/London","2026-07-24 08:00:00","2026-07-24T07:00:00.000Z","2026-07-24 12:30:00","/mount/RWS4/batch_jobs/scripts/sync_clocking_event.sh >> /mount/RWS4/batch_jobs/log/sync_clocking_ev"
"BOB","CL17","BOB - cleanup [BOB]","0 3 * * *","America/New_York","2026-07-24 03:00:00","2026-07-24T07:00:00.000Z","2026-07-24 12:30:00","/mount/RWS4/batch_jobs/scripts/cleanup.sh BOB >> /mount/RWS4/batch_jobs/log/cleanup.log 2>&1"
"BPANZ","CL15","BPANZ - Append Timestamp [BP]","*/5 * * * *","America/New_York","2026-07-24 03:00:00","2026-07-24T07:00:00.000Z","2026-07-24 12:30:00","/mount/RWS4/batch_jobs/scripts/Append_Timestamp.sh BP >> /mount/RWS4/batch_jobs/log/Append_Timestamp"
"BPANZ","CL15","BPANZ - Copy AU DailyAbsenceReporttoSFTP [BP]","*/30 * * * *","America/New_York","2026-07-24 03:00:00","2026-07-24T07:00:00.000Z","2026-07-24 12:30:00","/mount/RWS4/batch_jobs/scripts/Copy_AU_DailyAbsenceReporttoSFTP.sh BP > /mount/RWS4/batch_jobs/log/C"
"BPANZ","CL15","BPANZ - CopyCognosReporttoPayrollfolderNZ [BP]","*/30 * * * *","America/New_York","2026-07-24 03:00:00","2026-07-24T07:00:00.000Z","2026-07-24 12:30:00","/mount/RWS4/batch_jobs/scripts/CopyCognosReporttoPayrollfolderNZ.sh BP >> /mount/RWS4/batch_jobs/log"
"BPG","CL78","BPG - Append Timestamp [BP]","*/5 * * * *","Europe/Berlin","2026-07-24 09:00:00","2026-07-24T07:00:00.000Z","2026-07-24 12:30:00","/mount/RWS4/batch_jobs/scripts/Append_Timestamp.sh BP >/dev/null 2>&1"
"BPG","CL78","BPG - CopyPLReporttoSFTP [BP]","*/36 * * * *","Europe/Berlin","2026-07-24 09:00:00","2026-07-24T07:00:00.000Z","2026-07-24 12:30:00","/mount/RWS4/batch_jobs/scripts/CopyPLReporttoSFTP.sh BP>> /mount/RWS4/batch_jobs/log/CopyPLReporttoS"
"BPG","CL78","BPG - Upload ES Cognose Extract SFTP [BP]","*/45 * * * *","Europe/Berlin","2026-07-24 09:00:00","2026-07-24T07:00:00.000Z","2026-07-24 12:30:00","/mount/RWS4/batch_jobs/scripts/Upload_ES_Cognose_Extract_SFTP.sh BP > /mount/RWS4/batch_jobs/log/Upl"
"BPG","CL78","BPG - upload payfile PL [BP]","*/20 * * * *","Europe/Berlin","2026-07-24 09:00:00","2026-07-24T07:00:00.000Z","2026-07-24 12:30:00","/mount/RWS4/batch_jobs/scripts/upload_payfile_PL.sh BP>> /mount/RWS4/batch_jobs/log/PayFile_Upload_P"
"BSI","CL09","BSI - cleanup","0 3 * * *","America/New_York","2026-07-24 03:00:00","2026-07-24T07:00:00.000Z","2026-07-24 12:30:00","/mount/RWS4/batch_jobs/scripts/cleanup.sh >> /mount/RWS4/batch_jobs/log/cleanup.log 2>&1"
"BSI","CL09","BSI - sftpOutboundRetry [BOTH]","*/25 * * * *","America/New_York","2026-07-24 03:00:00","2026-07-24T07:00:00.000Z","2026-07-24 12:30:00","/mount/RWS4/batch_jobs/scripts/sftpOutboundRetry.sh BOTH >> /mount/RWS4/batch_jobs/log/sftpOutboundR"
"CNCD","CL25","CNCD - download [CCSD]","0 */3 * * *","America/New_York","2026-07-24 03:00:00","2026-07-24T07:00:00.000Z","2026-07-24 12:30:00","/mount/RWS4/batch_jobs/scripts/download.sh CCSD >> /mount/RWS4/batch_jobs/log/dataimports.log 2>&1"
"CNCD","CL25","CNCD - encryptExtracts [CCSD]","0 */3 * * *","America/New_York","2026-07-24 03:00:00","2026-07-24T07:00:00.000Z","2026-07-24 12:30:00","/mount/RWS4/batch_jobs/scripts/encryptExtracts.sh CCSD >> /mount/RWS4/batch_jobs/log/encryptsExtract"
"COP","CL12","COP - cleanup","0 3 * * *","America/New_York","2026-07-24 03:00:00","2026-07-24T07:00:00.000Z","2026-07-24 12:30:00","/mount/RWS4/batch_jobs/scripts/cleanup.sh >> /mount/RWS4/batch_jobs/log/cleanup.log 2>&1"
"COP","CL12","COP - download","*/30 * * * *","America/New_York","2026-07-24 03:00:00","2026-07-24T07:00:00.000Z","2026-07-24 12:30:00","/mount/RWS4/batch_jobs/scripts/download.sh >> /mount/RWS4/batch_jobs/log/dataimports.log"
"CVSH","CL20","CVSH - uploadFiles [CVS]","00 */1 * * *","America/New_York","2026-07-24 03:00:00","2026-07-24T07:00:00.000Z","2026-07-24 12:30:00","/mount/RWS4/batch_jobs/scripts/usertracing/uploadFiles.sh CVS >> /mount/RWS4/batch_jobs/log/uploadFi"
"DIX","CL52","DIX - encryptExtracts [DIX]","*/15 * * * *","Europe/London","2026-07-24 08:00:00","2026-07-24T07:00:00.000Z","2026-07-24 12:30:00","/mount/RWS4/batch_jobs/scripts/encryptExtracts.sh DIX >> /mount/RWS4/batch_jobs/log/encryptExtracts."
"DIX","CL52","DIX - workflow [HRTS 3 ""SUPPLIER_STORES"" DIX]","*/20 * * * *","Europe/London","2026-07-24 08:00:00","2026-07-24T07:00:00.000Z","2026-07-24 12:30:00","/mount/RWS4/batch_jobs/scripts/workflow.sh HRTS 3 ""SUPPLIER_STORES"" DIX >> /mount/RWS4/batch_jobs/lo"
"DIX","CL52","DIX - workflow [HolidayTargetHoursJob 0 0 DIX]","00 */8 * * *","Europe/London","2026-07-24 08:00:00","2026-07-24T07:00:00.000Z","2026-07-24 12:30:00","/mount/RWS4/batch_jobs/scripts/workflow.sh HolidayTargetHoursJob 0 0 DIX >> /mount/RWS4/batch_jobs/l"
"DIX","CL52","DIX - workflow [POPULATERFCMETRICDATA 0 0 DIX]","*/10 * * * *","Europe/London","2026-07-24 08:00:00","2026-07-24T07:00:00.000Z","2026-07-24 12:30:00","/mount/RWS4/batch_jobs/scripts/workflow.sh POPULATERFCMETRICDATA 0 0 DIX >> /mount/RWS4/batch_jobs/l"
"DST","CL09","DST - cleanup","0 3 * * *","America/New_York","2026-07-24 03:00:00","2026-07-24T07:00:00.000Z","2026-07-24 12:30:00","/mount/RWS4/batch_jobs/scripts/cleanup.sh >> /mount/RWS4/batch_jobs/log/cleanup.log 2>&1"
"ELROSA","CL03","ELROSA - EmployeeDetailsCustomencryptExtracts [ELROSADO]","00 3,9,15,21 * * *","America/New_York","2026-07-24 03:00:00","2026-07-24T07:00:00.000Z","2026-07-24 12:30:00","/mount/RWS4/batch_jobs/scripts/EmployeeDetailsCustomencryptExtracts.sh ELROSADO >> /mount/RWS4/batch"
"EYE","CL23","EYE - GrossEarningExtracts","*/30 * * * *","America/New_York","2026-07-24 03:00:00","2026-07-24T07:00:00.000Z","2026-07-24 12:30:00","/mount/RWS4/batch_jobs/scripts/GrossEarningExtracts.sh >> /mount/RWS4/batch_jobs/log/GrossEarningExt"
"EYE","CL23","EYE - encryptPayfile","0 * * * *","America/New_York","2026-07-24 03:00:00","2026-07-24T07:00:00.000Z","2026-07-24 12:30:00","/mount/RWS4/batch_jobs/scripts/encryptPayfile.sh >> /mount/RWS4/batch_jobs/log/encryptsPayfile.log 2"
"HMROW","CL53","HMROW - download [HNM]","0 */1 * * *","Europe/London","2026-07-24 08:00:00","2026-07-24T07:00:00.000Z","2026-07-24 12:30:00","/mount/RWS4/batch_jobs/scripts/download.sh HNM >> /mount/RWS4/batch_jobs/log/dataimports.log 2>&1"
"HMROW","CL53","HMROW - sync clocking event [HNM]","*/5 * * * *","Europe/London","2026-07-24 08:00:00","2026-07-24T07:00:00.000Z","2026-07-24 12:30:00","/mount/RWS4/batch_jobs/scripts/sync_clocking_event.sh HNM >> /mount/RWS4/batch_jobs/log/sync_clockin"
"HMROW","CL53","HMROW - sync from Sftp VD","*/15 * * * *","Europe/London","2026-07-24 08:00:00","2026-07-24T07:00:00.000Z","2026-07-24 12:30:00","/mount/RWS4/batch_jobs/scripts/sync_from_Sftp_VD.sh >> /mount/RWS4/batch_jobs/log/sync_from_Sftp_VD."
"HMROW","CL53","HMROW - sync to Sftp [HNM]","*/15 * * * *","Europe/London","2026-07-24 08:00:00","2026-07-24T07:00:00.000Z","2026-07-24 12:30:00","/mount/RWS4/batch_jobs/scripts/sync_to_Sftp.sh HNM >> /mount/RWS4/batch_jobs/log/sync_to_Sftp.log 2>"
"HMROW","CL53","HMROW - sync to Sftp payroll CountrySpecific (*/30 * * * *)","*/30 * * * *","Europe/London","2026-07-24 08:00:00","2026-07-24T07:00:00.000Z","2026-07-24 12:30:00","/mount/RWS4/batch_jobs/scripts/sync_to_Sftp_payroll_CountrySpecific.sh >> /mount/RWS4/batch_jobs/log"
"HMROW","CL53","HMROW - sync to Sftp payroll [HNM]","*/15 * * * *","Europe/London","2026-07-24 08:00:00","2026-07-24T07:00:00.000Z","2026-07-24 12:30:00","/mount/RWS4/batch_jobs/scripts/sync_to_Sftp_payroll.sh HNM >> /mount/RWS4/batch_jobs/log/sync_to_Sft"
"HMROW","CL53","HMROW - workflow [ClockingEventJob 0 0 HNM]","*/6 * * * *","Europe/London","2026-07-24 08:00:00","2026-07-24T07:00:00.000Z","2026-07-24 12:30:00","/mount/RWS4/batch_jobs/scripts/workflow.sh ClockingEventJob 0 0 HNM >> /mount/RWS4/batch_jobs/log/Cl"
"HMROW","CL53","HMROW - workflow [VDInterval 0 0 HNM]","*/16 * * * *","Europe/London","2026-07-24 08:00:00","2026-07-24T07:00:00.000Z","2026-07-24 12:30:00","/mount/RWS4/batch_jobs/scripts/workflow.sh VDInterval 0 0 HNM >> /mount/RWS4/batch_jobs/log/VDInterv"
"HMROW","CL53","HMROW - workflow [VDPeriod 0 0 HNM]","*/16 * * * *","Europe/London","2026-07-24 08:00:00","2026-07-24T07:00:00.000Z","2026-07-24 12:30:00","/mount/RWS4/batch_jobs/scripts/workflow.sh VDPeriod 0 0 HNM >> /mount/RWS4/batch_jobs/log/VDPeriod.l"
"HNMG","CL77","HNMG - download (*/60 * * * *)","*/60 * * * *","Europe/Berlin","2026-07-24 09:00:00","2026-07-24T07:00:00.000Z","2026-07-24 12:30:00","/mount/RWS4/batch_jobs/scripts/download.sh > /dev/null 2>&1"
"HNMG","CL77","HNMG - sync from Sftp","*/15 * * * *","Europe/Berlin","2026-07-24 09:00:00","2026-07-24T07:00:00.000Z","2026-07-24 12:30:00","/mount/RWS4/batch_jobs/scripts/sync_from_Sftp.sh >> /mount/RWS4/batch_jobs/log/sync_from_Sftp.log 2>"
"HNMG","CL77","HNMG - sync to Sftp [HNM]","*/15 * * * *","Europe/Berlin","2026-07-24 09:00:00","2026-07-24T07:00:00.000Z","2026-07-24 12:30:00","/mount/RWS4/batch_jobs/scripts/sync_to_Sftp.sh HNM >> /mount/RWS4/batch_jobs/log/sync_to_Sftp.log 2>"
"HNMG","CL77","HNMG - upload payfile","*/30 * * * *","Europe/Berlin","2026-07-24 09:00:00","2026-07-24T07:00:00.000Z","2026-07-24 12:30:00","/mount/RWS4/batch_jobs/scripts/upload_payfile.sh  >/dev/null 2>&1"
"HOLT","CL26","HOLT - download [HOLT]","0 * * * *","America/New_York","2026-07-24 03:00:00","2026-07-24T07:00:00.000Z","2026-07-24 12:30:00","/mount/RWS4/batch_jobs/scripts/download.sh HOLT>> /mount/RWS4/batch_jobs/log/dataimports.log 2>&1"
"HOLT","CL26","HOLT - monitor HOLT NewTaUnitPayDetailGeneratorJob","*/10 * * * *","America/New_York","2026-07-24 03:00:00","2026-07-24T07:00:00.000Z","2026-07-24 12:30:00","/mount/RWS4/batch_jobs/WAPM/scripts/monitor_HOLT_NewTaUnitPayDetailGeneratorJob.sh >> /mount/RWS4/ba"
"IKI","CL54","IKI - download [IKI]","0 */1 * * *","Europe/Helsinki","2026-07-24 10:00:00","2026-07-24T07:00:00.000Z","2026-07-24 12:30:00","/mount/RWS4/batch_jobs/scripts/download.sh IKI >> /mount/RWS4/batch_jobs/log/dataimports.log 2>&1"
"IKI","CL54","IKI - encryptExtracts [IKI]","*/30 * * * *","Europe/Helsinki","2026-07-24 10:00:00","2026-07-24T07:00:00.000Z","2026-07-24 12:30:00","/mount/RWS4/batch_jobs/scripts/encryptExtracts.sh IKI >> /mount/RWS4/batch_jobs/log/encryptsExtracts"
"INSP","CL03","INSP - customAbsencesExtracts","*/5 * * * *","America/New_York","2026-07-24 03:00:00","2026-07-24T07:00:00.000Z","2026-07-24 12:30:00","/mount/RWS4/batch_jobs/scripts/customAbsencesExtracts.sh >> /mount/RWS4/batch_jobs/log/customAbsence"
"INSP","CL03","INSP - customEncryptInfotype7Extracts","*/15 * * * *","America/New_York","2026-07-24 03:00:00","2026-07-24T07:00:00.000Z","2026-07-24 12:30:00","/mount/RWS4/batch_jobs/scripts/customEncryptInfotype7Extracts.sh >> /mount/RWS4/batch_jobs/log/custo"
"INSP","CL03","INSP - encryptPayfile [INSP]","*/55 * * * *","America/New_York","2026-07-24 03:00:00","2026-07-24T07:00:00.000Z","2026-07-24 12:30:00","/mount/RWS4/batch_jobs/scripts/encryptPayfile.sh INSP >> /mount/RWS4/batch_jobs/log/encryptPayfile.l"
"INSP","CL03","INSP - sendCognosReports","0 * * * *","America/New_York","2026-07-24 03:00:00","2026-07-24T07:00:00.000Z","2026-07-24 12:30:00","/mount/RWS4/batch_jobs/scripts/sendCognosReports.sh >> /mount/RWS4/batch_jobs/log/sendCognosReports."
"INSP","CL03","INSP - workflow [publish 3]","0 3 * * 5","America/New_York","2026-07-24 03:00:00","2026-07-24T07:00:00.000Z","2026-07-24 12:30:00","/mount/RWS4/batch_jobs/scripts/workflow.sh publish 3 >> /mount/RWS4/batch_jobs/log/publish.log 2>&1"
"JLP","CL52","JLP - CopyEncryptPDPDataExtract [JLP]","0 */1 * * *","Europe/London","2026-07-24 08:00:00","2026-07-24T07:00:00.000Z","2026-07-24 12:30:00","/mount/RWS4/batch_jobs/scripts/CopyEncryptPDPDataExtract.sh JLP >> /mount/RWS4/batch_jobs/log/CopyEn"
"MB","CL55","MB - download","*/15 * * * *","Europe/London","2026-07-24 08:00:00","2026-07-24T07:00:00.000Z","2026-07-24 12:30:00","/mount/RWS4/batch_jobs/scripts/download.sh >> /mount/RWS4/batch_jobs/log/dataimports.log"
"MB","CL55","MB - monitor MBR NewTaUnitPayDetailGeneratorJob","*/2 * * * *","Europe/London","2026-07-24 08:00:00","2026-07-24T07:00:00.000Z","2026-07-24 12:30:00","/mount/RWS4/batch_jobs/scripts/monitor_MBR_NewTaUnitPayDetailGeneratorJob.sh >> /mount/RWS4/batch_jo"
"MB","CL55","MB - sync PayFiles","0 */1 * * *","Europe/London","2026-07-24 08:00:00","2026-07-24T07:00:00.000Z","2026-07-24 12:30:00","/mount/RWS4/batch_jobs/scripts/sync_PayFiles.sh >> /mount/RWS4/batch_jobs/log/sync_pay_file.log"
"MCDDE","CL75","MCDDE - WFMExtracts to sftp [MCDDE]","*/15 * * * *","Europe/Berlin","2026-07-24 09:00:00","2026-07-24T07:00:00.000Z","2026-07-24 12:30:00","/mount/RWS4/batch_jobs/scripts/WFMExtracts_to_sftp.sh MCDDE >> /mount/RWS4/batch_jobs/log/WFMExtract"
"MCDDE","CL75","MCDDE - cognos extract to sftp [MCDDE] (*/30 1-21 * * *)","*/30 1-21 * * *","Europe/Berlin","2026-07-24 09:00:00","2026-07-24T07:00:00.000Z","2026-07-24 12:30:00","/mount/RWS4/batch_jobs/scripts/cognos_extract_to_sftp.sh MCDDE >> /mount/RWS4/batch_jobs/log/cognos_"
"MCDDE","CL75","MCDDE - download [MCDDE]","*/60 * * * *","Europe/Berlin","2026-07-24 09:00:00","2026-07-24T07:00:00.000Z","2026-07-24 12:30:00","/mount/RWS4/batch_jobs/scripts/download.sh MCDDE >> /mount/RWS4/batch_jobs/log/download.log 2>&1"
"MCDDE","CL75","MCDDE - encryptExtracts [MCDDE]","*/15 * * * *","Europe/Berlin","2026-07-24 09:00:00","2026-07-24T07:00:00.000Z","2026-07-24 12:30:00","/mount/RWS4/batch_jobs/scripts/encryptExtracts.sh MCDDE >> /mount/RWS4/batch_jobs/log/encryptExtract"
"MCDDE","CL75","MCDDE - sftpRetry","*/30 * * * *","Europe/Berlin","2026-07-24 09:00:00","2026-07-24T07:00:00.000Z","2026-07-24 12:30:00","/mount/RWS4/batch_jobs/scripts/sftpRetry.sh >> /mount/RWS4/batch_jobs/log/sftpRetry.log 2>&1"
"MCDDE","CL75","MCDDE - upload payfiles to sftp [MCDDE]","*/5 * * * *","Europe/Berlin","2026-07-24 09:00:00","2026-07-24T07:00:00.000Z","2026-07-24 12:30:00","/mount/RWS4/batch_jobs/scripts/upload_payfiles_to_sftp.sh MCDDE >> /mount/RWS4/batch_jobs/log/upload"
"MCDPL","CL51","MCDPL - download","0 8,12,14,18 * * *","Europe/London","2026-07-24 08:00:00","2026-07-24T07:00:00.000Z","2026-07-24 12:30:00","/mount/RWS4/batch_jobs/scripts/download.sh >> /mount/RWS4/batch_jobs/log/dataimports.log"
"MCDPL","CL51","MCDPL - encryptExtracts","*/5 * * * *","Europe/London","2026-07-24 08:00:00","2026-07-24T07:00:00.000Z","2026-07-24 12:30:00","/mount/RWS4/batch_jobs/scripts/encryptExtracts.sh >> /mount/RWS4/batch_jobs/log/encryptExtracts.log"
"MCDPL","CL51","MCDPL - workflow [HRBasic]","0 * * * *","Europe/London","2026-07-24 08:00:00","2026-07-24T07:00:00.000Z","2026-07-24 12:30:00","/mount/RWS4/batch_jobs/scripts/workflow.sh HRBasic >> /mount/RWS4/batch_jobs/log/HRBasic.log 2>&1"
"MRW","CL51","MRW - download [MOR]","*/15 * * * *","Europe/London","2026-07-24 08:00:00","2026-07-24T07:00:00.000Z","2026-07-24 12:30:00","/mount/RWS4/batch_jobs/scripts/download.sh MOR>> /mount/RWS4/batch_jobs/log/processDataImports.log 2"
"MRW","CL51","MRW - sync to Sftp [MOR]","*/5 * * * *","Europe/London","2026-07-24 08:00:00","2026-07-24T07:00:00.000Z","2026-07-24 12:30:00","/mount/RWS4/batch_jobs/scripts/sync_to_Sftp.sh MOR>> /mount/RWS4/batch_jobs/scripts/sync_to_Sftp.log"
"ODP41","CL15","ODP41 - cleanup (0 3 * * *)","0 3 * * *","America/New_York","2026-07-24 03:00:00","2026-07-24T07:00:00.000Z","2026-07-24 12:30:00","/mount/RWS4/batch_jobs/scripts/cleanup.sh >> /mount/RWS4/batch_jobs/log/cleanup.log 2>&1"
"PSA","CL19","PSA - cleanup [PBST]","0 3 * * *","America/New_York","2026-07-24 03:00:00","2026-07-24T07:00:00.000Z","2026-07-24 12:30:00","/mount/RWS4/batch_jobs/scripts/cleanup.sh PBST >> /mount/RWS4/batch_jobs/log/cleanup.log 2>&1"
"QCK","CL01","QCK - cleanup","0 3 * * *","America/New_York","2026-07-24 03:00:00","2026-07-24T07:00:00.000Z","2026-07-24 12:30:00","/mount/RWS4/batch_jobs/scripts/cleanup.sh >> /mount/RWS4/batch_jobs/log/cleanup.log 2>&1"
"QCK","CL01","QCK - rwsDownload","0 * * * *","America/New_York","2026-07-24 03:00:00","2026-07-24T07:00:00.000Z","2026-07-24 12:30:00","/mount/RWS4/batch_jobs/scripts/rwsDownload.sh >> /mount/RWS4/batch_jobs/log/dataimports.log 2>&1"
"RKH","CL26","RKH - download [RKH]","*/15 * * * *","America/New_York","2026-07-24 03:00:00","2026-07-24T07:00:00.000Z","2026-07-24 12:30:00","/mount/RWS4/batch_jobs/scripts/download.sh RKH >> /mount/RWS4/batch_jobs/log/dataimports.log 2>&1"
"RKH","CL26","RKH - encryptPayfile [RKH] (0 */1 * * *)","0 */1 * * *","America/New_York","2026-07-24 03:00:00","2026-07-24T07:00:00.000Z","2026-07-24 12:30:00","/mount/RWS4/batch_jobs/scripts/encryptPayfile.sh RKH >> /mount/RWS4/batch_jobs/log/encryptsPayfile.l"
"RLY","CL25","RLY - encryptExtracts [RLY]","0 */1 * * *","America/New_York","2026-07-24 03:00:00","2026-07-24T07:00:00.000Z","2026-07-24 12:30:00","/mount/RWS4/batch_jobs/scripts/encryptExtracts.sh RLY >> /mount/RWS4/batch_jobs/log/encryptsExtracts"
"RLY","CL25","RLY - encryptPayfile [RLY]","*/17 * * * *","America/New_York","2026-07-24 03:00:00","2026-07-24T07:00:00.000Z","2026-07-24 12:30:00","/mount/RWS4/batch_jobs/scripts/encryptPayfile.sh RLY >> /mount/RWS4/batch_jobs/log/encryptsPayfile.l"
"RRS","CL09","RRS - download [RACKROOM]","0 */1 * * *","America/New_York","2026-07-24 03:00:00","2026-07-24T07:00:00.000Z","2026-07-24 12:30:00","/mount/RWS4/batch_jobs/scripts/download.sh RACKROOM >> /mount/RWS4/batch_jobs/log/dataimports.log 2>"
"RRS","CL09","RRS - workflow [workload 5 'PILOT_STORE_GROUP' RACKROOM]","0 3 * * 5","America/New_York","2026-07-24 03:00:00","2026-07-24T07:00:00.000Z","2026-07-24 12:30:00","/mount/RWS4/batch_jobs/scripts/workflow.sh workload 5 'PILOT_STORE_GROUP' RACKROOM >> /mount/RWS4/ba"
"SBH","CL12","SBH - cleanup [SB]","0 3 * * *","America/New_York","2026-07-24 03:00:00","2026-07-24T07:00:00.000Z","2026-07-24 12:30:00","/mount/RWS4/batch_jobs/scripts/cleanup.sh SB >> /mount/RWS4/batch_jobs/log/cleanup.log 2>&1"
"SBH","CL12","SBH - download [SB]","0 3 * * *","America/New_York","2026-07-24 03:00:00","2026-07-24T07:00:00.000Z","2026-07-24 12:30:00","/mount/RWS4/batch_jobs/scripts/download.sh SB >> /mount/RWS4/batch_jobs/log/dataimports.log 2>&1"
"SBH","CL12","SBH - sendCognosReports [SB]","0 * * * *","America/New_York","2026-07-24 03:00:00","2026-07-24T07:00:00.000Z","2026-07-24 12:30:00","/mount/RWS4/batch_jobs/scripts/sendCognosReports.sh SB >> /mount/RWS4/batch_jobs/log/sendCognosRepor"
"SCO","CL52","SCO - download","0 * * * *","Europe/London","2026-07-24 08:00:00","2026-07-24T07:00:00.000Z","2026-07-24 12:30:00","/mount/RWS4/batch_jobs/scripts/download.sh >> /mount/RWS4/batch_jobs/log/dataimports.log"
"SEG","CL26","SEG - download [SEG]","0 */1 * * *","America/New_York","2026-07-24 03:00:00","2026-07-24T07:00:00.000Z","2026-07-24 12:30:00","/mount/RWS4/batch_jobs/scripts/download.sh SEG >> /mount/RWS4/batch_jobs/log/dataimports.log  2>&1"
"SFC","CL52","SFC - encryptPayfile","*/15 * * * *","Europe/London","2026-07-24 08:00:00","2026-07-24T07:00:00.000Z","2026-07-24 12:30:00","/mount/RWS4/batch_jobs/scripts/encryptPayfile.sh >> /mount/RWS4/batch_jobs/log/encryptPayfile.log 2>"
"SIG","CL17","SIG - CognosCustomencryptExtracts [SIGNET]","0 * * * *","America/New_York","2026-07-24 03:00:00","2026-07-24T07:00:00.000Z","2026-07-24 12:30:00","/mount/RWS4/batch_jobs/scripts/CognosCustomencryptExtracts.sh SIGNET >> /mount/RWS4/batch_jobs/log/C"
"SIG","CL17","SIG - CustomExtractsBARC","*/10 * * * *","America/New_York","2026-07-24 03:00:00","2026-07-24T07:00:00.000Z","2026-07-24 12:30:00","/mount/RWS4/batch_jobs/scripts/CustomExtractsBARC.sh >> /mount/RWS4/batch_jobs/log/CustomExtractsBAR"
"SIG","CL17","SIG - encryptExtracts [SIGNET]","*/30 * * * *","America/New_York","2026-07-24 03:00:00","2026-07-24T07:00:00.000Z","2026-07-24 12:30:00","/mount/RWS4/batch_jobs/scripts/encryptExtracts.sh SIGNET >> /mount/RWS4/batch_jobs/log/encryptExtrac"
"SIG","CL17","SIG - encryptReportsExtracts","*/30 * * * *","America/New_York","2026-07-24 03:00:00","2026-07-24T07:00:00.000Z","2026-07-24 12:30:00","/mount/RWS4/batch_jobs/scripts/encryptReportsExtracts.sh >> /mount/RWS4/batch_jobs/log/encryptReport"
"SMLC","CL03","SMLC - Monitoring RWS Processes [IN_FOLDER_CHECK]","0 */1 * * *","America/New_York","2026-07-24 03:00:00","2026-07-24T07:00:00.000Z","2026-07-24 12:30:00","/mount/RWS4/batch_jobs/WAPM/scripts/Monitoring_RWS_Processes.sh IN_FOLDER_CHECK >> /mount/RWS4/batch"
"SMLC","CL03","SMLC - encryptExtracts [SMLC]","*/30 * * * *","America/New_York","2026-07-24 03:00:00","2026-07-24T07:00:00.000Z","2026-07-24 12:30:00","/mount/RWS4/batch_jobs/scripts/encryptExtracts.sh SMLC >> /mount/RWS4/batch_jobs/log/encryptsExtract"
"SMLC","CL03","SMLC - moveLogsToSftp [SMLC 15]","0 */1 * * *","America/New_York","2026-07-24 03:00:00","2026-07-24T07:00:00.000Z","2026-07-24 12:30:00","/mount/RWS4/batch_jobs/scripts/moveLogsToSftp.sh SMLC 15 >> /mount/RWS4/batch_jobs/log/moveLogsToSft"
"SSN","CL17","SSN - cleanup [SSI]","0 3 * * *","America/New_York","2026-07-24 03:00:00","2026-07-24T07:00:00.000Z","2026-07-24 12:30:00","/mount/RWS4/batch_jobs/scripts/cleanup.sh SSI >> /mount/RWS4/batch_jobs/log/cleanup.log 2>&1"
"SSN","CL17","SSN - download [SSI]","0 3 * * *","America/New_York","2026-07-24 03:00:00","2026-07-24T07:00:00.000Z","2026-07-24 12:30:00","/mount/RWS4/batch_jobs/scripts/download.sh SSI >> /mount/RWS4/batch_jobs/log/dataimports.log 2>&1"
"TAG","CL03","TAG - TAGCustomWorkflow [schedule ""Aspen_Dental_Rollout""]","0 3 * * *","America/New_York","2026-07-24 03:00:00","2026-07-24T07:00:00.000Z","2026-07-24 12:30:00","/mount/RWS4/batch_jobs/scripts/TAGCustomWorkflow.sh schedule ""Aspen_Dental_Rollout"" >> /mount/RWS4/b"
"TAG","CL03","TAG - download [TAG]","*/30 * * * *","America/New_York","2026-07-24 03:00:00","2026-07-24T07:00:00.000Z","2026-07-24 12:30:00","/mount/RWS4/batch_jobs/scripts/download.sh TAG >> /mount/RWS4/batch_jobs/log/dataimports.log 2>&1"
"TAG","CL03","TAG - encryptExtracts [TAG]","*/30 * * * *","America/New_York","2026-07-24 03:00:00","2026-07-24T07:00:00.000Z","2026-07-24 12:30:00","/mount/RWS4/batch_jobs/scripts/encryptExtracts.sh TAG >> /mount/RWS4/batch_jobs/log/encryptExtracts."
"TSC","CL14","TSC - EmployeeShiftDetailsExtract","0 */1 * * *","America/New_York","2026-07-24 03:00:00","2026-07-24T07:00:00.000Z","2026-07-24 12:30:00","/mount/RWS4/batch_jobs/scripts/EmployeeShiftDetailsExtract.sh >> /mount/RWS4/batch_jobs/log/Employee"
"TSC","CL14","TSC - cleanup","0 3 * * *","America/New_York","2026-07-24 03:00:00","2026-07-24T07:00:00.000Z","2026-07-24 12:30:00","/mount/RWS4/batch_jobs/scripts/cleanup.sh >> /mount/RWS4/batch_jobs/log/cleanup.log 2>&1"
"TTW","CL23","TTW - encryptExtracts","0 * * * *","America/New_York","2026-07-24 03:00:00","2026-07-24T07:00:00.000Z","2026-07-24 12:30:00","/mount/RWS4/batch_jobs/scripts/encryptExtracts.sh >> /mount/RWS4/batch_jobs/log/encryptExtracts.log "
"TWG","CL15","TWG - * [/mount/backup/HR03_Logs/]","0 * * * *","Pacific/Auckland","2026-07-24 19:00:00","2026-07-24T07:00:00.000Z","2026-07-24 12:30:00","mv /mount/RWS4/appuploads/upload/122690099/DTS/HR/Log/HR03/* /mount/backup/HR03_Logs/ > /dev/null 2>"
"TWG","CL15","TWG - monitor TWG RTATerminationPayJob","*/22 * * * *","Pacific/Auckland","2026-07-24 19:00:00","2026-07-24T07:00:00.000Z","2026-07-24 12:30:00","/mount/RWS4/batch_jobs/scripts/monitor_TWG_RTATerminationPayJob.sh >> /mount/RWS4/batch_jobs/logs/mo"
"TWG","CL15","TWG - sync clocking event","0 * * * *","Pacific/Auckland","2026-07-24 19:00:00","2026-07-24T07:00:00.000Z","2026-07-24 12:30:00","/mount/RWS4/batch_jobs/scripts/sync_clocking_event.sh >> /mount/RWS4/batch_jobs/log/sync_clocking_ev"
"VEYR","CL15","VEYR - download [VEYR]","0 */1 * * *","America/New_York","2026-07-24 03:00:00","2026-07-24T07:00:00.000Z","2026-07-24 12:30:00","/mount/RWS4/batch_jobs/scripts/download.sh VEYR >> /mount/RWS4/batch_jobs/log/dataimports.log"
"VEYR","CL15","VEYR - monitor VEYR NewTaUnitPayDetailGeneratorJob","*/8 * * * *","America/New_York","2026-07-24 03:00:00","2026-07-24T07:00:00.000Z","2026-07-24 12:30:00","/mount/RWS4/batch_jobs/WAPM/scripts/monitor_VEYR_NewTaUnitPayDetailGeneratorJob.sh >> /mount/RWS4/ba"
"WAL","CL07","WAL - DBLogMonitor","*/30 * * * *","America/New_York","2026-07-24 03:00:00","2026-07-24T07:00:00.000Z","2026-07-24 12:30:00","/mount/RWS4/batch_jobs/scripts/DBLogMonitor.sh  > /dev/null  2>&1"
"WAW","CL01","WAW - cleanup [WAWA]","0 3 * * *","America/New_York","2026-07-24 03:00:00","2026-07-24T07:00:00.000Z","2026-07-24 12:30:00","/mount/RWS4/batch_jobs/scripts/cleanup.sh WAWA >> /mount/RWS4/batch_jobs/log/cleanup.log 2>&1"
"WAW","CL01","WAW - encryptLOPSExtracts [WAWA]","*/30 * * * *","America/New_York","2026-07-24 03:00:00","2026-07-24T07:00:00.000Z","2026-07-24 12:30:00","/mount/RWS4/batch_jobs/scripts/encryptLOPSExtracts.sh WAWA >> /mount/RWS4/batch_jobs/log/encryptLOPS"
"HOLT","CL26","HOLT - download [HOLT] (1 */1 * * *)","1 */1 * * *","America/New_York","2026-07-24 03:01:00","2026-07-24T07:01:00.000Z","2026-07-24 12:31:00","/mount/RWS4/batch_jobs/scripts/download.sh HOLT >> /mount/RWS4/batch_jobs/log/dataimports.log 2>&1"
"STS","CL19","STS - encryptPayfile [STS]","1 * * * *","America/New_York","2026-07-24 03:01:00","2026-07-24T07:01:00.000Z","2026-07-24 12:31:00","/mount/RWS4/batch_jobs/scripts/encryptPayfile.sh STS >> /mount/RWS4/batch_jobs/log/encryptsPayfile.l"
"WAW","CL01","WAW - download [WAWA]","1 * * * *","America/New_York","2026-07-24 03:01:00","2026-07-24T07:01:00.000Z","2026-07-24 12:31:00","/mount/RWS4/batch_jobs/scripts/download.sh WAWA >> /mount/RWS4/batch_jobs/log/dataimports.log 2>&1"
"MB","CL55","MB - monitor MBR NewTaUnitPayDetailGeneratorJob","*/2 * * * *","Europe/London","2026-07-24 08:02:00","2026-07-24T07:02:00.000Z","2026-07-24 12:32:00","/mount/RWS4/batch_jobs/scripts/monitor_MBR_NewTaUnitPayDetailGeneratorJob.sh >> /mount/RWS4/batch_jo"
"MB","CL55","MB - monitor MBR NewTaUnitPayDetailGeneratorJob","*/2 * * * *","Europe/London","2026-07-24 08:04:00","2026-07-24T07:04:00.000Z","2026-07-24 12:34:00","/mount/RWS4/batch_jobs/scripts/monitor_MBR_NewTaUnitPayDetailGeneratorJob.sh >> /mount/RWS4/batch_jo"
"BAS","CL25","BAS - encryptExtracts [BAS]","5 */1 * * *","America/New_York","2026-07-24 03:05:00","2026-07-24T07:05:00.000Z","2026-07-24 12:35:00","/mount/RWS4/batch_jobs/scripts/encryptExtracts.sh BAS >> /mount/RWS4/batch_jobs/log/encryptsExtracts"
"BCOP","CL19","BCOP - encryptExtracts","5 * * * *","America/New_York","2026-07-24 03:05:00","2026-07-24T07:05:00.000Z","2026-07-24 12:35:00","/mount/RWS4/batch_jobs/scripts/encryptExtracts.sh >> /mount/RWS4/batch_jobs/log/CognosCustomencryptE"
"BLK","CL12","BLK - download [BELK]","5,17 * * * *","America/New_York","2026-07-24 03:05:00","2026-07-24T07:05:00.000Z","2026-07-24 12:35:00","/mount/RWS4/batch_jobs/scripts/download.sh BELK >> /mount/RWS4/batch_jobs/log/dataimports.log 2>&1"
"BPANZ","CL15","BPANZ - Append Timestamp [BP]","*/5 * * * *","America/New_York","2026-07-24 03:05:00","2026-07-24T07:05:00.000Z","2026-07-24 12:35:00","/mount/RWS4/batch_jobs/scripts/Append_Timestamp.sh BP >> /mount/RWS4/batch_jobs/log/Append_Timestamp"
"BPG","CL78","BPG - Append Timestamp [BP]","*/5 * * * *","Europe/Berlin","2026-07-24 09:05:00","2026-07-24T07:05:00.000Z","2026-07-24 12:35:00","/mount/RWS4/batch_jobs/scripts/Append_Timestamp.sh BP >/dev/null 2>&1"
"BPG","CL78","BPG - upload payfile NL [BP]","5 */1 * * *","Europe/Berlin","2026-07-24 09:05:00","2026-07-24T07:05:00.000Z","2026-07-24 12:35:00","/mount/RWS4/batch_jobs/scripts/upload_payfile_NL.sh BP >> /mount/RWS4/batch_jobs/log/PayFile_Upload_"
"CVSH","CL20","CVSH - CognosCustomencryptExtracts [CVS]","5 * * * *","America/New_York","2026-07-24 03:05:00","2026-07-24T07:05:00.000Z","2026-07-24 12:35:00","/mount/RWS4/batch_jobs/scripts/CognosCustomencryptExtracts.sh CVS >> /mount/RWS4/batch_jobs/log/Cogn"
"HMROW","CL53","HMROW - sync clocking event [HNM]","*/5 * * * *","Europe/London","2026-07-24 08:05:00","2026-07-24T07:05:00.000Z","2026-07-24 12:35:00","/mount/RWS4/batch_jobs/scripts/sync_clocking_event.sh HNM >> /mount/RWS4/batch_jobs/log/sync_clockin"
"INSP","CL03","INSP - customAbsencesExtracts","*/5 * * * *","America/New_York","2026-07-24 03:05:00","2026-07-24T07:05:00.000Z","2026-07-24 12:35:00","/mount/RWS4/batch_jobs/scripts/customAbsencesExtracts.sh >> /mount/RWS4/batch_jobs/log/customAbsence"
"MCDDE","CL75","MCDDE - upload payfiles to sftp [MCDDE]","*/5 * * * *","Europe/Berlin","2026-07-24 09:05:00","2026-07-24T07:05:00.000Z","2026-07-24 12:35:00","/mount/RWS4/batch_jobs/scripts/upload_payfiles_to_sftp.sh MCDDE >> /mount/RWS4/batch_jobs/log/upload"
"MCDPL","CL51","MCDPL - encryptExtracts","*/5 * * * *","Europe/London","2026-07-24 08:05:00","2026-07-24T07:05:00.000Z","2026-07-24 12:35:00","/mount/RWS4/batch_jobs/scripts/encryptExtracts.sh >> /mount/RWS4/batch_jobs/log/encryptExtracts.log"
"MRW","CL51","MRW - sync to Sftp [MOR]","*/5 * * * *","Europe/London","2026-07-24 08:05:00","2026-07-24T07:05:00.000Z","2026-07-24 12:35:00","/mount/RWS4/batch_jobs/scripts/sync_to_Sftp.sh MOR>> /mount/RWS4/batch_jobs/scripts/sync_to_Sftp.log"
"PSA","CL19","PSA - download [PBST]","5 * * * *","America/New_York","2026-07-24 03:05:00","2026-07-24T07:05:00.000Z","2026-07-24 12:35:00","/mount/RWS4/batch_jobs/scripts/download.sh PBST >> /mount/RWS4/batch_jobs/log/dataimports.log 2>&1"
"SFC","CL52","SFC - download [SFC]","5 */1 * * *","Europe/London","2026-07-24 08:05:00","2026-07-24T07:05:00.000Z","2026-07-24 12:35:00","/mount/RWS4/batch_jobs/scripts/download.sh SFC >> /mount/RWS4/batch_jobs/log/dataimports.log 2>&1"
"SMLC","CL03","SMLC - download [SMLC]","05 */1 * * *","America/New_York","2026-07-24 03:05:00","2026-07-24T07:05:00.000Z","2026-07-24 12:35:00","/mount/RWS4/batch_jobs/scripts/download.sh SMLC >> /mount/RWS4/batch_jobs/log/dataimports.log 2>&1"
"SMLC","CL03","SMLC - encryptAusenciasPayfile [SMLC]","05 */1 * * *","America/New_York","2026-07-24 03:05:00","2026-07-24T07:05:00.000Z","2026-07-24 12:35:00","/mount/RWS4/batch_jobs/scripts/encryptAusenciasPayfile.sh SMLC >> /mount/RWS4/batch_jobs/log/encrypt"
"SMLC","CL03","SMLC - encryptCentroCostosPayfile [SMLC]","05 */1 * * *","America/New_York","2026-07-24 03:05:00","2026-07-24T07:05:00.000Z","2026-07-24 12:35:00","/mount/RWS4/batch_jobs/scripts/encryptCentroCostosPayfile.sh SMLC >> /mount/RWS4/batch_jobs/log/encr"
"SMLC","CL03","SMLC - encryptHorasExtrasPayfile [SMLC]","05 */1 * * *","America/New_York","2026-07-24 03:05:00","2026-07-24T07:05:00.000Z","2026-07-24 12:35:00","/mount/RWS4/batch_jobs/scripts/encryptHorasExtrasPayfile.sh SMLC >> /mount/RWS4/batch_jobs/log/encry"
"TLB","CL12","TLB - encryptPayfile","5,35 * * * *","America/New_York","2026-07-24 03:05:00","2026-07-24T07:05:00.000Z","2026-07-24 12:35:00","/mount/RWS4/batch_jobs/scripts/encryptPayfile.sh >> /mount/RWS4/batch_jobs/log/encryptsPayfile.log 2"
"TWG","CL15","TWG - * [/mount/backup/HR12_Logs/]","5 * * * *","Pacific/Auckland","2026-07-24 19:05:00","2026-07-24T07:05:00.000Z","2026-07-24 12:35:00","mv /mount/RWS4/appuploads/upload/122690099/DTS/HR/Log/HR12/* /mount/backup/HR12_Logs/ > /dev/null 2>"
"WAL","CL07","WAL - encryptExtracts","05,35 * * * *","America/New_York","2026-07-24 03:05:00","2026-07-24T07:05:00.000Z","2026-07-24 12:35:00","/mount/RWS4/batch_jobs/scripts/encryptExtracts.sh >> /mount/RWS4/batch_jobs/log/encryptExtracts.log "
"WAL","CL07","WAL - prepareEncFile","05 3 * * *","America/New_York","2026-07-24 03:05:00","2026-07-24T07:05:00.000Z","2026-07-24 12:35:00","/mount/RWS4/NXTR_EXTRACTS/wagdailyopt_withoutmeal/scripts/prepareEncFile.sh >/dev/null 2>&1"
"HMROW","CL53","HMROW - workflow [ClockingEventJob 0 0 HNM]","*/6 * * * *","Europe/London","2026-07-24 08:06:00","2026-07-24T07:06:00.000Z","2026-07-24 12:36:00","/mount/RWS4/batch_jobs/scripts/workflow.sh ClockingEventJob 0 0 HNM >> /mount/RWS4/batch_jobs/log/Cl"
"MB","CL55","MB - monitor MBR NewTaUnitPayDetailGeneratorJob","*/2 * * * *","Europe/London","2026-07-24 08:06:00","2026-07-24T07:06:00.000Z","2026-07-24 12:36:00","/mount/RWS4/batch_jobs/scripts/monitor_MBR_NewTaUnitPayDetailGeneratorJob.sh >> /mount/RWS4/batch_jo"
"JLP","CL52","JLP - download [JLP]","7 * * * *","Europe/London","2026-07-24 08:07:00","2026-07-24T07:07:00.000Z","2026-07-24 12:37:00","/mount/RWS4/batch_jobs/scripts/download.sh JLP >> /mount/RWS4/batch_jobs/log/download.log 2>&1"
"MB","CL55","MB - monitor MBR NewTaUnitPayDetailGeneratorJob","*/2 * * * *","Europe/London","2026-07-24 08:08:00","2026-07-24T07:08:00.000Z","2026-07-24 12:38:00","/mount/RWS4/batch_jobs/scripts/monitor_MBR_NewTaUnitPayDetailGeneratorJob.sh >> /mount/RWS4/batch_jo"
"VEYR","CL15","VEYR - monitor VEYR NewTaUnitPayDetailGeneratorJob","*/8 * * * *","America/New_York","2026-07-24 03:08:00","2026-07-24T07:08:00.000Z","2026-07-24 12:38:00","/mount/RWS4/batch_jobs/WAPM/scripts/monitor_VEYR_NewTaUnitPayDetailGeneratorJob.sh >> /mount/RWS4/ba"
"HMROW","CL53","HMROW - sync clocking event","9,19,29,39,49,59 * * * *","Europe/London","2026-07-24 08:09:00","2026-07-24T07:09:00.000Z","2026-07-24 12:39:00","/mount/RWS4/batch_jobs/scripts/sync_clocking_event.sh >> /mount/RWS4/batch_jobs/log/sync_clocking_ev"
"BPANZ","CL15","BPANZ - Append Timestamp [BP]","*/5 * * * *","America/New_York","2026-07-24 03:10:00","2026-07-24T07:10:00.000Z","2026-07-24 12:40:00","/mount/RWS4/batch_jobs/scripts/Append_Timestamp.sh BP >> /mount/RWS4/batch_jobs/log/Append_Timestamp"
"BPANZ","CL15","BPANZ - dataExtractSftpUpload [0 BP]","10 */1 * * *","America/New_York","2026-07-24 03:10:00","2026-07-24T07:10:00.000Z","2026-07-24 12:40:00","/mount/RWS4/batch_jobs/scripts/dataExtractSftpUpload.sh 0 BP >> /mount/RWS4/batch_jobs/log/dataExtra"
"BPG","CL78","BPG - Append Timestamp [BP]","*/5 * * * *","Europe/Berlin","2026-07-24 09:10:00","2026-07-24T07:10:00.000Z","2026-07-24 12:40:00","/mount/RWS4/batch_jobs/scripts/Append_Timestamp.sh BP >/dev/null 2>&1"
"BPG","CL78","BPG - dataExtractSftpUpload [BP]","10 */1 * * *","Europe/Berlin","2026-07-24 09:10:00","2026-07-24T07:10:00.000Z","2026-07-24 12:40:00","/mount/RWS4/batch_jobs/scripts/dataExtractSftpUpload.sh BP >/dev/null 2>&1"
"BPUS","CL26","BPUS - Upload US Cognose Extract SFTP","10 */1 * * *","America/New_York","2026-07-24 03:10:00","2026-07-24T07:10:00.000Z","2026-07-24 12:40:00","/mount/RWS4/batch_jobs/scripts/Upload_US_Cognose_Extract_SFTP.sh > /mount/RWS4/batch_jobs/log/Upload"
"DIX","CL52","DIX - workflow [POPULATERFCMETRICDATA 0 0 DIX]","*/10 * * * *","Europe/London","2026-07-24 08:10:00","2026-07-24T07:10:00.000Z","2026-07-24 12:40:00","/mount/RWS4/batch_jobs/scripts/workflow.sh POPULATERFCMETRICDATA 0 0 DIX >> /mount/RWS4/batch_jobs/l"
"EGR","CL54","EGR - sync punch import","10 * * * *","Europe/London","2026-07-24 08:10:00","2026-07-24T07:10:00.000Z","2026-07-24 12:40:00","/mount/RWS4/batch_jobs/scripts/sync_punch_import.sh >> /mount/RWS4/batch_jobs/log/sync_punch_import."
"HMROW","CL53","HMROW - sync clocking event [HNM]","*/5 * * * *","Europe/London","2026-07-24 08:10:00","2026-07-24T07:10:00.000Z","2026-07-24 12:40:00","/mount/RWS4/batch_jobs/scripts/sync_clocking_event.sh HNM >> /mount/RWS4/batch_jobs/log/sync_clockin"
"HOLT","CL26","HOLT - monitor HOLT NewTaUnitPayDetailGeneratorJob","*/10 * * * *","America/New_York","2026-07-24 03:10:00","2026-07-24T07:10:00.000Z","2026-07-24 12:40:00","/mount/RWS4/batch_jobs/WAPM/scripts/monitor_HOLT_NewTaUnitPayDetailGeneratorJob.sh >> /mount/RWS4/ba"
"INSP","CL03","INSP - customAbsencesExtracts","*/5 * * * *","America/New_York","2026-07-24 03:10:00","2026-07-24T07:10:00.000Z","2026-07-24 12:40:00","/mount/RWS4/batch_jobs/scripts/customAbsencesExtracts.sh >> /mount/RWS4/batch_jobs/log/customAbsence"
"MB","CL55","MB - monitor MBR NewTaUnitPayDetailGeneratorJob","*/2 * * * *","Europe/London","2026-07-24 08:10:00","2026-07-24T07:10:00.000Z","2026-07-24 12:40:00","/mount/RWS4/batch_jobs/scripts/monitor_MBR_NewTaUnitPayDetailGeneratorJob.sh >> /mount/RWS4/batch_jo"
"MCDDE","CL75","MCDDE - upload payfiles to sftp [MCDDE]","*/5 * * * *","Europe/Berlin","2026-07-24 09:10:00","2026-07-24T07:10:00.000Z","2026-07-24 12:40:00","/mount/RWS4/batch_jobs/scripts/upload_payfiles_to_sftp.sh MCDDE >> /mount/RWS4/batch_jobs/log/upload"
"MCDPL","CL51","MCDPL - encryptExtracts","*/5 * * * *","Europe/London","2026-07-24 08:10:00","2026-07-24T07:10:00.000Z","2026-07-24 12:40:00","/mount/RWS4/batch_jobs/scripts/encryptExtracts.sh >> /mount/RWS4/batch_jobs/log/encryptExtracts.log"
"MRW","CL51","MRW - sync to Sftp [MOR]","*/5 * * * *","Europe/London","2026-07-24 08:10:00","2026-07-24T07:10:00.000Z","2026-07-24 12:40:00","/mount/RWS4/batch_jobs/scripts/sync_to_Sftp.sh MOR>> /mount/RWS4/batch_jobs/scripts/sync_to_Sftp.log"
"SIG","CL17","SIG - CustomExtractsBARC","*/10 * * * *","America/New_York","2026-07-24 03:10:00","2026-07-24T07:10:00.000Z","2026-07-24 12:40:00","/mount/RWS4/batch_jobs/scripts/CustomExtractsBARC.sh >> /mount/RWS4/batch_jobs/log/CustomExtractsBAR"
"BCF","CL25","BCF - encryptPayfile [BCF]","11,41 * * * *","America/New_York","2026-07-24 03:11:00","2026-07-24T07:11:00.000Z","2026-07-24 12:41:00","/mount/RWS4/batch_jobs/scripts/encryptPayfile.sh BCF >> /mount/RWS4/batch_jobs/log/encryptsPayfile.l"
"HMROW","CL53","HMROW - workflow [ClockingEventJob 0 0 HNM]","*/6 * * * *","Europe/London","2026-07-24 08:12:00","2026-07-24T07:12:00.000Z","2026-07-24 12:42:00","/mount/RWS4/batch_jobs/scripts/workflow.sh ClockingEventJob 0 0 HNM >> /mount/RWS4/batch_jobs/log/Cl"
"MB","CL55","MB - monitor MBR NewTaUnitPayDetailGeneratorJob","*/2 * * * *","Europe/London","2026-07-24 08:12:00","2026-07-24T07:12:00.000Z","2026-07-24 12:42:00","/mount/RWS4/batch_jobs/scripts/monitor_MBR_NewTaUnitPayDetailGeneratorJob.sh >> /mount/RWS4/batch_jo"
"MB","CL55","MB - monitor MBR NewTaUnitPayDetailGeneratorJob","*/2 * * * *","Europe/London","2026-07-24 08:14:00","2026-07-24T07:14:00.000Z","2026-07-24 12:44:00","/mount/RWS4/batch_jobs/scripts/monitor_MBR_NewTaUnitPayDetailGeneratorJob.sh >> /mount/RWS4/batch_jo"
"BNQ","CL52","BNQ - download","*/15 * * * *","Europe/London","2026-07-24 08:15:00","2026-07-24T07:15:00.000Z","2026-07-24 12:45:00","/mount/RWS4/batch_jobs/scripts/download.sh >> /mount/RWS4/batch_jobs/log/dataimports.log"
"BNQ","CL52","BNQ - sync clocking event","*/15 * * * *","Europe/London","2026-07-24 08:15:00","2026-07-24T07:15:00.000Z","2026-07-24 12:45:00","/mount/RWS4/batch_jobs/scripts/sync_clocking_event.sh >> /mount/RWS4/batch_jobs/log/sync_clocking_ev"
"BOB","CL17","BOB - AppointmentBookingExtracts [BOB]","15 3 * * *","America/New_York","2026-07-24 03:15:00","2026-07-24T07:15:00.000Z","2026-07-24 12:45:00","/mount/RWS4/batch_jobs/scripts/AppointmentBookingExtracts.sh BOB >> /mount/RWS4/batch_jobs/log/Appoi"
"BPANZ","CL15","BPANZ - Append Timestamp [BP]","*/5 * * * *","America/New_York","2026-07-24 03:15:00","2026-07-24T07:15:00.000Z","2026-07-24 12:45:00","/mount/RWS4/batch_jobs/scripts/Append_Timestamp.sh BP >> /mount/RWS4/batch_jobs/log/Append_Timestamp"
"BPG","CL78","BPG - Append Timestamp [BP]","*/5 * * * *","Europe/Berlin","2026-07-24 09:15:00","2026-07-24T07:15:00.000Z","2026-07-24 12:45:00","/mount/RWS4/batch_jobs/scripts/Append_Timestamp.sh BP >/dev/null 2>&1"
"DIX","CL52","DIX - encryptExtracts [DIX]","*/15 * * * *","Europe/London","2026-07-24 08:15:00","2026-07-24T07:15:00.000Z","2026-07-24 12:45:00","/mount/RWS4/batch_jobs/scripts/encryptExtracts.sh DIX >> /mount/RWS4/batch_jobs/log/encryptExtracts."
"HMROW","CL53","HMROW - sync clocking event [HNM]","*/5 * * * *","Europe/London","2026-07-24 08:15:00","2026-07-24T07:15:00.000Z","2026-07-24 12:45:00","/mount/RWS4/batch_jobs/scripts/sync_clocking_event.sh HNM >> /mount/RWS4/batch_jobs/log/sync_clockin"
"HMROW","CL53","HMROW - sync from Sftp VD","*/15 * * * *","Europe/London","2026-07-24 08:15:00","2026-07-24T07:15:00.000Z","2026-07-24 12:45:00","/mount/RWS4/batch_jobs/scripts/sync_from_Sftp_VD.sh >> /mount/RWS4/batch_jobs/log/sync_from_Sftp_VD."
"HMROW","CL53","HMROW - sync to Sftp [HNM]","*/15 * * * *","Europe/London","2026-07-24 08:15:00","2026-07-24T07:15:00.000Z","2026-07-24 12:45:00","/mount/RWS4/batch_jobs/scripts/sync_to_Sftp.sh HNM >> /mount/RWS4/batch_jobs/log/sync_to_Sftp.log 2>"
"HMROW","CL53","HMROW - sync to Sftp payroll [HNM]","*/15 * * * *","Europe/London","2026-07-24 08:15:00","2026-07-24T07:15:00.000Z","2026-07-24 12:45:00","/mount/RWS4/batch_jobs/scripts/sync_to_Sftp_payroll.sh HNM >> /mount/RWS4/batch_jobs/log/sync_to_Sft"
"HNMG","CL77","HNMG - sync from Sftp","*/15 * * * *","Europe/Berlin","2026-07-24 09:15:00","2026-07-24T07:15:00.000Z","2026-07-24 12:45:00","/mount/RWS4/batch_jobs/scripts/sync_from_Sftp.sh >> /mount/RWS4/batch_jobs/log/sync_from_Sftp.log 2>"
"HNMG","CL77","HNMG - sync to Sftp [HNM]","*/15 * * * *","Europe/Berlin","2026-07-24 09:15:00","2026-07-24T07:15:00.000Z","2026-07-24 12:45:00","/mount/RWS4/batch_jobs/scripts/sync_to_Sftp.sh HNM >> /mount/RWS4/batch_jobs/log/sync_to_Sftp.log 2>"
"INSP","CL03","INSP - customAbsencesExtracts","*/5 * * * *","America/New_York","2026-07-24 03:15:00","2026-07-24T07:15:00.000Z","2026-07-24 12:45:00","/mount/RWS4/batch_jobs/scripts/customAbsencesExtracts.sh >> /mount/RWS4/batch_jobs/log/customAbsence"
"INSP","CL03","INSP - customEncryptInfotype7Extracts","*/15 * * * *","America/New_York","2026-07-24 03:15:00","2026-07-24T07:15:00.000Z","2026-07-24 12:45:00","/mount/RWS4/batch_jobs/scripts/customEncryptInfotype7Extracts.sh >> /mount/RWS4/batch_jobs/log/custo"
"MB","CL55","MB - download","*/15 * * * *","Europe/London","2026-07-24 08:15:00","2026-07-24T07:15:00.000Z","2026-07-24 12:45:00","/mount/RWS4/batch_jobs/scripts/download.sh >> /mount/RWS4/batch_jobs/log/dataimports.log"
"MCDDE","CL75","MCDDE - WFMExtracts to sftp [MCDDE]","*/15 * * * *","Europe/Berlin","2026-07-24 09:15:00","2026-07-24T07:15:00.000Z","2026-07-24 12:45:00","/mount/RWS4/batch_jobs/scripts/WFMExtracts_to_sftp.sh MCDDE >> /mount/RWS4/batch_jobs/log/WFMExtract"
"MCDDE","CL75","MCDDE - encryptExtracts [MCDDE]","*/15 * * * *","Europe/Berlin","2026-07-24 09:15:00","2026-07-24T07:15:00.000Z","2026-07-24 12:45:00","/mount/RWS4/batch_jobs/scripts/encryptExtracts.sh MCDDE >> /mount/RWS4/batch_jobs/log/encryptExtract"
"MCDDE","CL75","MCDDE - upload payfiles to sftp [MCDDE]","*/5 * * * *","Europe/Berlin","2026-07-24 09:15:00","2026-07-24T07:15:00.000Z","2026-07-24 12:45:00","/mount/RWS4/batch_jobs/scripts/upload_payfiles_to_sftp.sh MCDDE >> /mount/RWS4/batch_jobs/log/upload"
"MCDPL","CL51","MCDPL - encryptExtracts","*/5 * * * *","Europe/London","2026-07-24 08:15:00","2026-07-24T07:15:00.000Z","2026-07-24 12:45:00","/mount/RWS4/batch_jobs/scripts/encryptExtracts.sh >> /mount/RWS4/batch_jobs/log/encryptExtracts.log"
"MRW","CL51","MRW - download [MOR]","*/15 * * * *","Europe/London","2026-07-24 08:15:00","2026-07-24T07:15:00.000Z","2026-07-24 12:45:00","/mount/RWS4/batch_jobs/scripts/download.sh MOR>> /mount/RWS4/batch_jobs/log/processDataImports.log 2"
"MRW","CL51","MRW - sync to Sftp [MOR]","*/5 * * * *","Europe/London","2026-07-24 08:15:00","2026-07-24T07:15:00.000Z","2026-07-24 12:45:00","/mount/RWS4/batch_jobs/scripts/sync_to_Sftp.sh MOR>> /mount/RWS4/batch_jobs/scripts/sync_to_Sftp.log"
"ODP41","CL15","ODP41 - download","15 * * * *","America/New_York","2026-07-24 03:15:00","2026-07-24T07:15:00.000Z","2026-07-24 12:45:00","/mount/RWS4/batch_jobs/scripts/download.sh >> /mount/RWS4/batch_jobs/log/DataImports.log 2>&1"
"RKH","CL26","RKH - download [RKH]","*/15 * * * *","America/New_York","2026-07-24 03:15:00","2026-07-24T07:15:00.000Z","2026-07-24 12:45:00","/mount/RWS4/batch_jobs/scripts/download.sh RKH >> /mount/RWS4/batch_jobs/log/dataimports.log 2>&1"
"SFC","CL52","SFC - encryptPayfile","*/15 * * * *","Europe/London","2026-07-24 08:15:00","2026-07-24T07:15:00.000Z","2026-07-24 12:45:00","/mount/RWS4/batch_jobs/scripts/encryptPayfile.sh >> /mount/RWS4/batch_jobs/log/encryptPayfile.log 2>"
"TTW","CL23","TTW - xlsxExract","15 * * * *","America/New_York","2026-07-24 03:15:00","2026-07-24T07:15:00.000Z","2026-07-24 12:45:00","/mount/RWS4/batch_jobs/scripts/xlsxExract.sh >> /mount/RWS4/batch_jobs/log/xlsxExtracts.log 2>&1"
"WAL","CL07","WAL - file transfer","15 3 * * *","America/New_York","2026-07-24 03:15:00","2026-07-24T07:15:00.000Z","2026-07-24 12:45:00","/mount/RWS4/NXTR_EXTRACTS/wagdailyopt_withoutmeal/scripts/file_transfer.sh >/dev/null 2>&1"
"HMROW","CL53","HMROW - workflow [VDInterval 0 0 HNM]","*/16 * * * *","Europe/London","2026-07-24 08:16:00","2026-07-24T07:16:00.000Z","2026-07-24 12:46:00","/mount/RWS4/batch_jobs/scripts/workflow.sh VDInterval 0 0 HNM >> /mount/RWS4/batch_jobs/log/VDInterv"
"HMROW","CL53","HMROW - workflow [VDPeriod 0 0 HNM]","*/16 * * * *","Europe/London","2026-07-24 08:16:00","2026-07-24T07:16:00.000Z","2026-07-24 12:46:00","/mount/RWS4/batch_jobs/scripts/workflow.sh VDPeriod 0 0 HNM >> /mount/RWS4/batch_jobs/log/VDPeriod.l"
"MB","CL55","MB - monitor MBR NewTaUnitPayDetailGeneratorJob","*/2 * * * *","Europe/London","2026-07-24 08:16:00","2026-07-24T07:16:00.000Z","2026-07-24 12:46:00","/mount/RWS4/batch_jobs/scripts/monitor_MBR_NewTaUnitPayDetailGeneratorJob.sh >> /mount/RWS4/batch_jo"
"VEYR","CL15","VEYR - monitor VEYR NewTaUnitPayDetailGeneratorJob","*/8 * * * *","America/New_York","2026-07-24 03:16:00","2026-07-24T07:16:00.000Z","2026-07-24 12:46:00","/mount/RWS4/batch_jobs/WAPM/scripts/monitor_VEYR_NewTaUnitPayDetailGeneratorJob.sh >> /mount/RWS4/ba"
"BLK","CL12","BLK - download [BELK]","5,17 * * * *","America/New_York","2026-07-24 03:17:00","2026-07-24T07:17:00.000Z","2026-07-24 12:47:00","/mount/RWS4/batch_jobs/scripts/download.sh BELK >> /mount/RWS4/batch_jobs/log/dataimports.log 2>&1"
"RLY","CL25","RLY - encryptPayfile [RLY]","*/17 * * * *","America/New_York","2026-07-24 03:17:00","2026-07-24T07:17:00.000Z","2026-07-24 12:47:00","/mount/RWS4/batch_jobs/scripts/encryptPayfile.sh RLY >> /mount/RWS4/batch_jobs/log/encryptsPayfile.l"
"HMROW","CL53","HMROW - workflow [ClockingEventJob 0 0 HNM]","*/6 * * * *","Europe/London","2026-07-24 08:18:00","2026-07-24T07:18:00.000Z","2026-07-24 12:48:00","/mount/RWS4/batch_jobs/scripts/workflow.sh ClockingEventJob 0 0 HNM >> /mount/RWS4/batch_jobs/log/Cl"
"MB","CL55","MB - monitor MBR NewTaUnitPayDetailGeneratorJob","*/2 * * * *","Europe/London","2026-07-24 08:18:00","2026-07-24T07:18:00.000Z","2026-07-24 12:48:00","/mount/RWS4/batch_jobs/scripts/monitor_MBR_NewTaUnitPayDetailGeneratorJob.sh >> /mount/RWS4/batch_jo"
"HMROW","CL53","HMROW - sync clocking event","9,19,29,39,49,59 * * * *","Europe/London","2026-07-24 08:19:00","2026-07-24T07:19:00.000Z","2026-07-24 12:49:00","/mount/RWS4/batch_jobs/scripts/sync_clocking_event.sh >> /mount/RWS4/batch_jobs/log/sync_clocking_ev"
"BPANZ","CL15","BPANZ - Append Timestamp [BP]","*/5 * * * *","America/New_York","2026-07-24 03:20:00","2026-07-24T07:20:00.000Z","2026-07-24 12:50:00","/mount/RWS4/batch_jobs/scripts/Append_Timestamp.sh BP >> /mount/RWS4/batch_jobs/log/Append_Timestamp"
"BPG","CL78","BPG - Append Timestamp [BP]","*/5 * * * *","Europe/Berlin","2026-07-24 09:20:00","2026-07-24T07:20:00.000Z","2026-07-24 12:50:00","/mount/RWS4/batch_jobs/scripts/Append_Timestamp.sh BP >/dev/null 2>&1"
"BPG","CL78","BPG - upload payfile PL [BP]","*/20 * * * *","Europe/Berlin","2026-07-24 09:20:00","2026-07-24T07:20:00.000Z","2026-07-24 12:50:00","/mount/RWS4/batch_jobs/scripts/upload_payfile_PL.sh BP>> /mount/RWS4/batch_jobs/log/PayFile_Upload_P"
"DIX","CL52","DIX - workflow [HRTS 3 ""SUPPLIER_STORES"" DIX]","*/20 * * * *","Europe/London","2026-07-24 08:20:00","2026-07-24T07:20:00.000Z","2026-07-24 12:50:00","/mount/RWS4/batch_jobs/scripts/workflow.sh HRTS 3 ""SUPPLIER_STORES"" DIX >> /mount/RWS4/batch_jobs/lo"
"DIX","CL52","DIX - workflow [POPULATERFCMETRICDATA 0 0 DIX]","*/10 * * * *","Europe/London","2026-07-24 08:20:00","2026-07-24T07:20:00.000Z","2026-07-24 12:50:00","/mount/RWS4/batch_jobs/scripts/workflow.sh POPULATERFCMETRICDATA 0 0 DIX >> /mount/RWS4/batch_jobs/l"
"HMROW","CL53","HMROW - sync clocking event [HNM]","*/5 * * * *","Europe/London","2026-07-24 08:20:00","2026-07-24T07:20:00.000Z","2026-07-24 12:50:00","/mount/RWS4/batch_jobs/scripts/sync_clocking_event.sh HNM >> /mount/RWS4/batch_jobs/log/sync_clockin"
"HOLT","CL26","HOLT - monitor HOLT NewTaUnitPayDetailGeneratorJob","*/10 * * * *","America/New_York","2026-07-24 03:20:00","2026-07-24T07:20:00.000Z","2026-07-24 12:50:00","/mount/RWS4/batch_jobs/WAPM/scripts/monitor_HOLT_NewTaUnitPayDetailGeneratorJob.sh >> /mount/RWS4/ba"
"INSP","CL03","INSP - customAbsencesExtracts","*/5 * * * *","America/New_York","2026-07-24 03:20:00","2026-07-24T07:20:00.000Z","2026-07-24 12:50:00","/mount/RWS4/batch_jobs/scripts/customAbsencesExtracts.sh >> /mount/RWS4/batch_jobs/log/customAbsence"
"MB","CL55","MB - monitor MBR NewTaUnitPayDetailGeneratorJob","*/2 * * * *","Europe/London","2026-07-24 08:20:00","2026-07-24T07:20:00.000Z","2026-07-24 12:50:00","/mount/RWS4/batch_jobs/scripts/monitor_MBR_NewTaUnitPayDetailGeneratorJob.sh >> /mount/RWS4/batch_jo"
"MCDDE","CL75","MCDDE - upload payfiles to sftp [MCDDE]","*/5 * * * *","Europe/Berlin","2026-07-24 09:20:00","2026-07-24T07:20:00.000Z","2026-07-24 12:50:00","/mount/RWS4/batch_jobs/scripts/upload_payfiles_to_sftp.sh MCDDE >> /mount/RWS4/batch_jobs/log/upload"
"MCDPL","CL51","MCDPL - encryptExtracts","*/5 * * * *","Europe/London","2026-07-24 08:20:00","2026-07-24T07:20:00.000Z","2026-07-24 12:50:00","/mount/RWS4/batch_jobs/scripts/encryptExtracts.sh >> /mount/RWS4/batch_jobs/log/encryptExtracts.log"
"MRW","CL51","MRW - sync to Sftp [MOR]","*/5 * * * *","Europe/London","2026-07-24 08:20:00","2026-07-24T07:20:00.000Z","2026-07-24 12:50:00","/mount/RWS4/batch_jobs/scripts/sync_to_Sftp.sh MOR>> /mount/RWS4/batch_jobs/scripts/sync_to_Sftp.log"
"SIG","CL17","SIG - CustomExtractsBARC","*/10 * * * *","America/New_York","2026-07-24 03:20:00","2026-07-24T07:20:00.000Z","2026-07-24 12:50:00","/mount/RWS4/batch_jobs/scripts/CustomExtractsBARC.sh >> /mount/RWS4/batch_jobs/log/CustomExtractsBAR"
"MB","CL55","MB - monitor MBR NewTaUnitPayDetailGeneratorJob","*/2 * * * *","Europe/London","2026-07-24 08:22:00","2026-07-24T07:22:00.000Z","2026-07-24 12:52:00","/mount/RWS4/batch_jobs/scripts/monitor_MBR_NewTaUnitPayDetailGeneratorJob.sh >> /mount/RWS4/batch_jo"
"TWG","CL15","TWG - monitor TWG RTATerminationPayJob","*/22 * * * *","Pacific/Auckland","2026-07-24 19:22:00","2026-07-24T07:22:00.000Z","2026-07-24 12:52:00","/mount/RWS4/batch_jobs/scripts/monitor_TWG_RTATerminationPayJob.sh >> /mount/RWS4/batch_jobs/logs/mo"
"HMROW","CL53","HMROW - workflow [ClockingEventJob 0 0 HNM]","*/6 * * * *","Europe/London","2026-07-24 08:24:00","2026-07-24T07:24:00.000Z","2026-07-24 12:54:00","/mount/RWS4/batch_jobs/scripts/workflow.sh ClockingEventJob 0 0 HNM >> /mount/RWS4/batch_jobs/log/Cl"
"MB","CL55","MB - monitor MBR NewTaUnitPayDetailGeneratorJob","*/2 * * * *","Europe/London","2026-07-24 08:24:00","2026-07-24T07:24:00.000Z","2026-07-24 12:54:00","/mount/RWS4/batch_jobs/scripts/monitor_MBR_NewTaUnitPayDetailGeneratorJob.sh >> /mount/RWS4/batch_jo"
"VEYR","CL15","VEYR - monitor VEYR NewTaUnitPayDetailGeneratorJob","*/8 * * * *","America/New_York","2026-07-24 03:24:00","2026-07-24T07:24:00.000Z","2026-07-24 12:54:00","/mount/RWS4/batch_jobs/WAPM/scripts/monitor_VEYR_NewTaUnitPayDetailGeneratorJob.sh >> /mount/RWS4/ba"
"AAP","CL12","AAP - CognosIgniteTimeclockCustomencryptExtracts","25 3 * * *","America/New_York","2026-07-24 03:25:00","2026-07-24T07:25:00.000Z","2026-07-24 12:55:00","/mount/RWS4/batch_jobs/scripts/CognosIgniteTimeclockCustomencryptExtracts.sh >> /mount/RWS4/batch_jo"
"AZO","CL17","AZO - CustomencryptCognosExtractWithHeaderFooter","25,55 * * * *","America/New_York","2026-07-24 03:25:00","2026-07-24T07:25:00.000Z","2026-07-24 12:55:00","/mount/RWS4/batch_jobs/scripts/CustomencryptCognosExtractWithHeaderFooter.sh >> /mount/RWS4/batch_jo"
"BPANZ","CL15","BPANZ - Append Timestamp [BP]","*/5 * * * *","America/New_York","2026-07-24 03:25:00","2026-07-24T07:25:00.000Z","2026-07-24 12:55:00","/mount/RWS4/batch_jobs/scripts/Append_Timestamp.sh BP >> /mount/RWS4/batch_jobs/log/Append_Timestamp"
"BPG","CL78","BPG - Append Timestamp [BP]","*/5 * * * *","Europe/Berlin","2026-07-24 09:25:00","2026-07-24T07:25:00.000Z","2026-07-24 12:55:00","/mount/RWS4/batch_jobs/scripts/Append_Timestamp.sh BP >/dev/null 2>&1"
"BSI","CL09","BSI - sftpOutboundRetry [BOTH]","*/25 * * * *","America/New_York","2026-07-24 03:25:00","2026-07-24T07:25:00.000Z","2026-07-24 12:55:00","/mount/RWS4/batch_jobs/scripts/sftpOutboundRetry.sh BOTH >> /mount/RWS4/batch_jobs/log/sftpOutboundR"
"HMROW","CL53","HMROW - sync clocking event [HNM]","*/5 * * * *","Europe/London","2026-07-24 08:25:00","2026-07-24T07:25:00.000Z","2026-07-24 12:55:00","/mount/RWS4/batch_jobs/scripts/sync_clocking_event.sh HNM >> /mount/RWS4/batch_jobs/log/sync_clockin"
"INSP","CL03","INSP - customAbsencesExtracts","*/5 * * * *","America/New_York","2026-07-24 03:25:00","2026-07-24T07:25:00.000Z","2026-07-24 12:55:00","/mount/RWS4/batch_jobs/scripts/customAbsencesExtracts.sh >> /mount/RWS4/batch_jobs/log/customAbsence"
"MCDDE","CL75","MCDDE - mergeVD02 [MCDDE]","25,55 * * * *","Europe/Berlin","2026-07-24 09:25:00","2026-07-24T07:25:00.000Z","2026-07-24 12:55:00","/mount/RWS4/batch_jobs/scripts/mergeVD02.sh MCDDE >> /mount/RWS4/batch_jobs/log/mergeVD02_`date +\%Y"
"MCDDE","CL75","MCDDE - upload payfiles to sftp [MCDDE]","*/5 * * * *","Europe/Berlin","2026-07-24 09:25:00","2026-07-24T07:25:00.000Z","2026-07-24 12:55:00","/mount/RWS4/batch_jobs/scripts/upload_payfiles_to_sftp.sh MCDDE >> /mount/RWS4/batch_jobs/log/upload"
"MCDPL","CL51","MCDPL - encryptExtracts","*/5 * * * *","Europe/London","2026-07-24 08:25:00","2026-07-24T07:25:00.000Z","2026-07-24 12:55:00","/mount/RWS4/batch_jobs/scripts/encryptExtracts.sh >> /mount/RWS4/batch_jobs/log/encryptExtracts.log"
"MRW","CL51","MRW - sync to Sftp [MOR]","*/5 * * * *","Europe/London","2026-07-24 08:25:00","2026-07-24T07:25:00.000Z","2026-07-24 12:55:00","/mount/RWS4/batch_jobs/scripts/sync_to_Sftp.sh MOR>> /mount/RWS4/batch_jobs/scripts/sync_to_Sftp.log"
"MB","CL55","MB - monitor MBR NewTaUnitPayDetailGeneratorJob","*/2 * * * *","Europe/London","2026-07-24 08:26:00","2026-07-24T07:26:00.000Z","2026-07-24 12:56:00","/mount/RWS4/batch_jobs/scripts/monitor_MBR_NewTaUnitPayDetailGeneratorJob.sh >> /mount/RWS4/batch_jo"
"AAP","CL12","AAP - CognosVdperioldloadExtracts","28 3 * * *","America/New_York","2026-07-24 03:28:00","2026-07-24T07:28:00.000Z","2026-07-24 12:58:00","/mount/RWS4/batch_jobs/scripts/CognosVdperioldloadExtracts.sh >> /mount/RWS4/batch_jobs/log/CognosVd"
"MB","CL55","MB - monitor MBR NewTaUnitPayDetailGeneratorJob","*/2 * * * *","Europe/London","2026-07-24 08:28:00","2026-07-24T07:28:00.000Z","2026-07-24 12:58:00","/mount/RWS4/batch_jobs/scripts/monitor_MBR_NewTaUnitPayDetailGeneratorJob.sh >> /mount/RWS4/batch_jo"
"HMROW","CL53","HMROW - sync clocking event","9,19,29,39,49,59 * * * *","Europe/London","2026-07-24 08:29:00","2026-07-24T07:29:00.000Z","2026-07-24 12:59:00","/mount/RWS4/batch_jobs/scripts/sync_clocking_event.sh >> /mount/RWS4/batch_jobs/log/sync_clocking_ev"
"TTW","CL23","TTW - encryptPayfile (29 * * * *)","29 * * * *","America/New_York","2026-07-24 03:29:00","2026-07-24T07:29:00.000Z","2026-07-24 12:59:00","/mount/RWS4/batch_jobs/scripts/encryptPayfile.sh >> /mount/RWS4/batch_jobs/log/encryptPayfile.sh 2>&"
"AAP","CL12","AAP - download","*/30 * * * *","America/New_York","2026-07-24 03:30:00","2026-07-24T07:30:00.000Z","2026-07-24 13:00:00","/mount/RWS4/batch_jobs/scripts/download.sh >> /mount/RWS4/batch_jobs/log/dataimports.log"
"AZMX","CL26","AZMX - download [AZMX]","*/30 * * * *","America/New_York","2026-07-24 03:30:00","2026-07-24T07:30:00.000Z","2026-07-24 13:00:00","/mount/RWS4/batch_jobs/scripts/download.sh AZMX >> /mount/RWS4/batch_jobs/log/dataimports.log 2>&1"
"BCF","CL25","BCF - workflow [UpdateRfcCalculatedMetrics 76 BCF] (*/30 * * * *)","*/30 * * * *","America/New_York","2026-07-24 03:30:00","2026-07-24T07:30:00.000Z","2026-07-24 13:00:00","/mount/RWS4/batch_jobs/scripts/workflow.sh UpdateRfcCalculatedMetrics -1 76 BCF >> /mount/RWS4/batch"
"BCOP","CL19","BCOP - download","*/30 * * * *","America/New_York","2026-07-24 03:30:00","2026-07-24T07:30:00.000Z","2026-07-24 13:00:00","/mount/RWS4/batch_jobs/scripts/download.sh >> /mount/RWS4/batch_jobs/log/dataimports.log"
"BLK","CL12","BLK - Monitoring RWS Processes [UNRESOLVED_PUNCH_MONITORING]","*/30 * * * *","America/New_York","2026-07-24 03:30:00","2026-07-24T07:30:00.000Z","2026-07-24 13:00:00","/mount/RWS4/batch_jobs/WAPM/scripts/Monitoring_RWS_Processes.sh UNRESOLVED_PUNCH_MONITORING"
"BNQ","CL52","BNQ - download","*/15 * * * *","Europe/London","2026-07-24 08:30:00","2026-07-24T07:30:00.000Z","2026-07-24 13:00:00","/mount/RWS4/batch_jobs/scripts/download.sh >> /mount/RWS4/batch_jobs/log/dataimports.log"
"BNQ","CL52","BNQ - sync clocking event","*/15 * * * *","Europe/London","2026-07-24 08:30:00","2026-07-24T07:30:00.000Z","2026-07-24 13:00:00","/mount/RWS4/batch_jobs/scripts/sync_clocking_event.sh >> /mount/RWS4/batch_jobs/log/sync_clocking_ev"
"BOB","CL17","BOB - download [BOB]","30 * * * *","America/New_York","2026-07-24 03:30:00","2026-07-24T07:30:00.000Z","2026-07-24 13:00:00","/mount/RWS4/batch_jobs/scripts/download.sh BOB >> /mount/RWS4/batch_jobs/log/dataimports.log 2>&1"
"BPANZ","CL15","BPANZ - Append Timestamp [BP]","*/5 * * * *","America/New_York","2026-07-24 03:30:00","2026-07-24T07:30:00.000Z","2026-07-24 13:00:00","/mount/RWS4/batch_jobs/scripts/Append_Timestamp.sh BP >> /mount/RWS4/batch_jobs/log/Append_Timestamp"
"BPANZ","CL15","BPANZ - Copy AU DailyAbsenceReporttoSFTP [BP]","*/30 * * * *","America/New_York","2026-07-24 03:30:00","2026-07-24T07:30:00.000Z","2026-07-24 13:00:00","/mount/RWS4/batch_jobs/scripts/Copy_AU_DailyAbsenceReporttoSFTP.sh BP > /mount/RWS4/batch_jobs/log/C"
"BPANZ","CL15","BPANZ - CopyCognosReporttoPayrollfolderNZ [BP]","*/30 * * * *","America/New_York","2026-07-24 03:30:00","2026-07-24T07:30:00.000Z","2026-07-24 13:00:00","/mount/RWS4/batch_jobs/scripts/CopyCognosReporttoPayrollfolderNZ.sh BP >> /mount/RWS4/batch_jobs/log"
"BPG","CL78","BPG - Append Timestamp [BP]","*/5 * * * *","Europe/Berlin","2026-07-24 09:30:00","2026-07-24T07:30:00.000Z","2026-07-24 13:00:00","/mount/RWS4/batch_jobs/scripts/Append_Timestamp.sh BP >/dev/null 2>&1"
"COP","CL12","COP - download","*/30 * * * *","America/New_York","2026-07-24 03:30:00","2026-07-24T07:30:00.000Z","2026-07-24 13:00:00","/mount/RWS4/batch_jobs/scripts/download.sh >> /mount/RWS4/batch_jobs/log/dataimports.log"
"DIX","CL52","DIX - encryptExtracts [DIX]","*/15 * * * *","Europe/London","2026-07-24 08:30:00","2026-07-24T07:30:00.000Z","2026-07-24 13:00:00","/mount/RWS4/batch_jobs/scripts/encryptExtracts.sh DIX >> /mount/RWS4/batch_jobs/log/encryptExtracts."
"DIX","CL52","DIX - workflow [POPULATERFCMETRICDATA 0 0 DIX]","*/10 * * * *","Europe/London","2026-07-24 08:30:00","2026-07-24T07:30:00.000Z","2026-07-24 13:00:00","/mount/RWS4/batch_jobs/scripts/workflow.sh POPULATERFCMETRICDATA 0 0 DIX >> /mount/RWS4/batch_jobs/l"
"ELROSA","CL03","ELROSA - LibreQuitadoRPAExtracts [ELROSADO]","30 03 * * *","America/New_York","2026-07-24 03:30:00","2026-07-24T07:30:00.000Z","2026-07-24 13:00:00","/mount/RWS4/batch_jobs/scripts/LibreQuitadoRPAExtracts.sh ELROSADO >> /mount/RWS4/batch_jobs/log/Lib"
"EYE","CL23","EYE - GrossEarningExtracts","*/30 * * * *","America/New_York","2026-07-24 03:30:00","2026-07-24T07:30:00.000Z","2026-07-24 13:00:00","/mount/RWS4/batch_jobs/scripts/GrossEarningExtracts.sh >> /mount/RWS4/batch_jobs/log/GrossEarningExt"
"HMROW","CL53","HMROW - sync clocking event [HNM]","*/5 * * * *","Europe/London","2026-07-24 08:30:00","2026-07-24T07:30:00.000Z","2026-07-24 13:00:00","/mount/RWS4/batch_jobs/scripts/sync_clocking_event.sh HNM >> /mount/RWS4/batch_jobs/log/sync_clockin"
"HMROW","CL53","HMROW - sync from Sftp VD","*/15 * * * *","Europe/London","2026-07-24 08:30:00","2026-07-24T07:30:00.000Z","2026-07-24 13:00:00","/mount/RWS4/batch_jobs/scripts/sync_from_Sftp_VD.sh >> /mount/RWS4/batch_jobs/log/sync_from_Sftp_VD."
"HMROW","CL53","HMROW - sync to Sftp [HNM]","*/15 * * * *","Europe/London","2026-07-24 08:30:00","2026-07-24T07:30:00.000Z","2026-07-24 13:00:00","/mount/RWS4/batch_jobs/scripts/sync_to_Sftp.sh HNM >> /mount/RWS4/batch_jobs/log/sync_to_Sftp.log 2>"
"HMROW","CL53","HMROW - sync to Sftp payroll CountrySpecific (*/30 * * * *)","*/30 * * * *","Europe/London","2026-07-24 08:30:00","2026-07-24T07:30:00.000Z","2026-07-24 13:00:00","/mount/RWS4/batch_jobs/scripts/sync_to_Sftp_payroll_CountrySpecific.sh >> /mount/RWS4/batch_jobs/log"
"HMROW","CL53","HMROW - sync to Sftp payroll [HNM]","*/15 * * * *","Europe/London","2026-07-24 08:30:00","2026-07-24T07:30:00.000Z","2026-07-24 13:00:00","/mount/RWS4/batch_jobs/scripts/sync_to_Sftp_payroll.sh HNM >> /mount/RWS4/batch_jobs/log/sync_to_Sft"
"HMROW","CL53","HMROW - workflow [ClockingEventJob 0 0 HNM]","*/6 * * * *","Europe/London","2026-07-24 08:30:00","2026-07-24T07:30:00.000Z","2026-07-24 13:00:00","/mount/RWS4/batch_jobs/scripts/workflow.sh ClockingEventJob 0 0 HNM >> /mount/RWS4/batch_jobs/log/Cl"
"HNMG","CL77","HNMG - sync from Sftp","*/15 * * * *","Europe/Berlin","2026-07-24 09:30:00","2026-07-24T07:30:00.000Z","2026-07-24 13:00:00","/mount/RWS4/batch_jobs/scripts/sync_from_Sftp.sh >> /mount/RWS4/batch_jobs/log/sync_from_Sftp.log 2>"
"HNMG","CL77","HNMG - sync to Sftp [HNM]","*/15 * * * *","Europe/Berlin","2026-07-24 09:30:00","2026-07-24T07:30:00.000Z","2026-07-24 13:00:00","/mount/RWS4/batch_jobs/scripts/sync_to_Sftp.sh HNM >> /mount/RWS4/batch_jobs/log/sync_to_Sftp.log 2>"
"HNMG","CL77","HNMG - upload payfile","*/30 * * * *","Europe/Berlin","2026-07-24 09:30:00","2026-07-24T07:30:00.000Z","2026-07-24 13:00:00","/mount/RWS4/batch_jobs/scripts/upload_payfile.sh  >/dev/null 2>&1"
"HOLT","CL26","HOLT - monitor HOLT NewTaUnitPayDetailGeneratorJob","*/10 * * * *","America/New_York","2026-07-24 03:30:00","2026-07-24T07:30:00.000Z","2026-07-24 13:00:00","/mount/RWS4/batch_jobs/WAPM/scripts/monitor_HOLT_NewTaUnitPayDetailGeneratorJob.sh >> /mount/RWS4/ba"
"IKI","CL54","IKI - encryptExtracts [IKI]","*/30 * * * *","Europe/Helsinki","2026-07-24 10:30:00","2026-07-24T07:30:00.000Z","2026-07-24 13:00:00","/mount/RWS4/batch_jobs/scripts/encryptExtracts.sh IKI >> /mount/RWS4/batch_jobs/log/encryptsExtracts"
"INSP","CL03","INSP - customAbsencesExtracts","*/5 * * * *","America/New_York","2026-07-24 03:30:00","2026-07-24T07:30:00.000Z","2026-07-24 13:00:00","/mount/RWS4/batch_jobs/scripts/customAbsencesExtracts.sh >> /mount/RWS4/batch_jobs/log/customAbsence"
"INSP","CL03","INSP - customEncryptInfotype7Extracts","*/15 * * * *","America/New_York","2026-07-24 03:30:00","2026-07-24T07:30:00.000Z","2026-07-24 13:00:00","/mount/RWS4/batch_jobs/scripts/customEncryptInfotype7Extracts.sh >> /mount/RWS4/batch_jobs/log/custo"
"JLP","CL52","JLP - workflow [HRLeaveRequestImport 0 0 JLP]","30 8 * * *","Europe/London","2026-07-24 08:30:00","2026-07-24T07:30:00.000Z","2026-07-24 13:00:00","/mount/RWS4/batch_jobs/scripts/workflow.sh HRLeaveRequestImport 0 0 JLP >> /mount/RWS4/batch_jobs/lo"
"MB","CL55","MB - download","*/15 * * * *","Europe/London","2026-07-24 08:30:00","2026-07-24T07:30:00.000Z","2026-07-24 13:00:00","/mount/RWS4/batch_jobs/scripts/download.sh >> /mount/RWS4/batch_jobs/log/dataimports.log"
"MB","CL55","MB - monitor MBR NewTaUnitPayDetailGeneratorJob","*/2 * * * *","Europe/London","2026-07-24 08:30:00","2026-07-24T07:30:00.000Z","2026-07-24 13:00:00","/mount/RWS4/batch_jobs/scripts/monitor_MBR_NewTaUnitPayDetailGeneratorJob.sh >> /mount/RWS4/batch_jo"
"MCDDE","CL75","MCDDE - WFMExtracts to sftp [MCDDE]","*/15 * * * *","Europe/Berlin","2026-07-24 09:30:00","2026-07-24T07:30:00.000Z","2026-07-24 13:00:00","/mount/RWS4/batch_jobs/scripts/WFMExtracts_to_sftp.sh MCDDE >> /mount/RWS4/batch_jobs/log/WFMExtract"
"MCDDE","CL75","MCDDE - cognos extract to sftp [MCDDE] (*/30 1-21 * * *)","*/30 1-21 * * *","Europe/Berlin","2026-07-24 09:30:00","2026-07-24T07:30:00.000Z","2026-07-24 13:00:00","/mount/RWS4/batch_jobs/scripts/cognos_extract_to_sftp.sh MCDDE >> /mount/RWS4/batch_jobs/log/cognos_"
"MCDDE","CL75","MCDDE - encryptExtracts [MCDDE]","*/15 * * * *","Europe/Berlin","2026-07-24 09:30:00","2026-07-24T07:30:00.000Z","2026-07-24 13:00:00","/mount/RWS4/batch_jobs/scripts/encryptExtracts.sh MCDDE >> /mount/RWS4/batch_jobs/log/encryptExtract"
"MCDDE","CL75","MCDDE - sftpRetry","*/30 * * * *","Europe/Berlin","2026-07-24 09:30:00","2026-07-24T07:30:00.000Z","2026-07-24 13:00:00","/mount/RWS4/batch_jobs/scripts/sftpRetry.sh >> /mount/RWS4/batch_jobs/log/sftpRetry.log 2>&1"
"MCDDE","CL75","MCDDE - upload payfiles to sftp [MCDDE]","*/5 * * * *","Europe/Berlin","2026-07-24 09:30:00","2026-07-24T07:30:00.000Z","2026-07-24 13:00:00","/mount/RWS4/batch_jobs/scripts/upload_payfiles_to_sftp.sh MCDDE >> /mount/RWS4/batch_jobs/log/upload"
"MCDPL","CL51","MCDPL - encryptExtracts","*/5 * * * *","Europe/London","2026-07-24 08:30:00","2026-07-24T07:30:00.000Z","2026-07-24 13:00:00","/mount/RWS4/batch_jobs/scripts/encryptExtracts.sh >> /mount/RWS4/batch_jobs/log/encryptExtracts.log"
"MRW","CL51","MRW - download [MOR]","*/15 * * * *","Europe/London","2026-07-24 08:30:00","2026-07-24T07:30:00.000Z","2026-07-24 13:00:00","/mount/RWS4/batch_jobs/scripts/download.sh MOR>> /mount/RWS4/batch_jobs/log/processDataImports.log 2"
"MRW","CL51","MRW - sync to Sftp [MOR]","*/5 * * * *","Europe/London","2026-07-24 08:30:00","2026-07-24T07:30:00.000Z","2026-07-24 13:00:00","/mount/RWS4/batch_jobs/scripts/sync_to_Sftp.sh MOR>> /mount/RWS4/batch_jobs/scripts/sync_to_Sftp.log"
"ODP41","CL15","ODP41 - encryptExtracts","30 * * * *","America/New_York","2026-07-24 03:30:00","2026-07-24T07:30:00.000Z","2026-07-24 13:00:00","/mount/RWS4/batch_jobs/scripts/encryptExtracts.sh >> /mount/RWS4/batch_jobs/log/encryptExtracts.log "
"OXXO","CL23","OXXO - move Vacaciones","30 * * * *","America/New_York","2026-07-24 03:30:00","2026-07-24T07:30:00.000Z","2026-07-24 13:00:00","/mount/RWS4/batch_jobs/scripts/move_Vacaciones.sh >> /mount/RWS4/batch_jobs/log/move_Vacaciones.log "
"RKH","CL26","RKH - download [RKH]","*/15 * * * *","America/New_York","2026-07-24 03:30:00","2026-07-24T07:30:00.000Z","2026-07-24 13:00:00","/mount/RWS4/batch_jobs/scripts/download.sh RKH >> /mount/RWS4/batch_jobs/log/dataimports.log 2>&1"
"RRS","CL09","RRS - encryptPayfile [RACKROOM]","30 */1 * * *","America/New_York","2026-07-24 03:30:00","2026-07-24T07:30:00.000Z","2026-07-24 13:00:00","/mount/RWS4/batch_jobs/scripts/encryptPayfile.sh RACKROOM >> /mount/RWS4/batch_jobs/log/encryptsPayf"
"SEG","CL26","SEG - encryptExtracts [SEG]","30 * * * *","America/New_York","2026-07-24 03:30:00","2026-07-24T07:30:00.000Z","2026-07-24 13:00:00","/mount/RWS4/batch_jobs/scripts/encryptExtracts.sh SEG >> /mount/RWS4/batch_jobs/log/encryptsExtracts"
"SFC","CL52","SFC - encryptPayfile","*/15 * * * *","Europe/London","2026-07-24 08:30:00","2026-07-24T07:30:00.000Z","2026-07-24 13:00:00","/mount/RWS4/batch_jobs/scripts/encryptPayfile.sh >> /mount/RWS4/batch_jobs/log/encryptPayfile.log 2>"
"SIG","CL17","SIG - CustomExtractsBARC","*/10 * * * *","America/New_York","2026-07-24 03:30:00","2026-07-24T07:30:00.000Z","2026-07-24 13:00:00","/mount/RWS4/batch_jobs/scripts/CustomExtractsBARC.sh >> /mount/RWS4/batch_jobs/log/CustomExtractsBAR"
"SIG","CL17","SIG - download [SIGNET]","30 * * * *","America/New_York","2026-07-24 03:30:00","2026-07-24T07:30:00.000Z","2026-07-24 13:00:00","/mount/RWS4/batch_jobs/scripts/download.sh SIGNET >> /mount/RWS4/batch_jobs/log/dataimports.log 2>&1"
"SIG","CL17","SIG - encryptExtracts [SIGNET]","*/30 * * * *","America/New_York","2026-07-24 03:30:00","2026-07-24T07:30:00.000Z","2026-07-24 13:00:00","/mount/RWS4/batch_jobs/scripts/encryptExtracts.sh SIGNET >> /mount/RWS4/batch_jobs/log/encryptExtrac"
"SIG","CL17","SIG - encryptReportsExtracts","*/30 * * * *","America/New_York","2026-07-24 03:30:00","2026-07-24T07:30:00.000Z","2026-07-24 13:00:00","/mount/RWS4/batch_jobs/scripts/encryptReportsExtracts.sh >> /mount/RWS4/batch_jobs/log/encryptReport"
"SMLC","CL03","SMLC - encryptExtracts [SMLC]","*/30 * * * *","America/New_York","2026-07-24 03:30:00","2026-07-24T07:30:00.000Z","2026-07-24 13:00:00","/mount/RWS4/batch_jobs/scripts/encryptExtracts.sh SMLC >> /mount/RWS4/batch_jobs/log/encryptsExtract"
"TAG","CL03","TAG - download [TAG]","*/30 * * * *","America/New_York","2026-07-24 03:30:00","2026-07-24T07:30:00.000Z","2026-07-24 13:00:00","/mount/RWS4/batch_jobs/scripts/download.sh TAG >> /mount/RWS4/batch_jobs/log/dataimports.log 2>&1"
"TAG","CL03","TAG - encryptExtracts [TAG]","*/30 * * * *","America/New_York","2026-07-24 03:30:00","2026-07-24T07:30:00.000Z","2026-07-24 13:00:00","/mount/RWS4/batch_jobs/scripts/encryptExtracts.sh TAG >> /mount/RWS4/batch_jobs/log/encryptExtracts."
"TLB","CL12","TLB - CognosCustomencryptExtracts","30 3 * * *","America/New_York","2026-07-24 03:30:00","2026-07-24T07:30:00.000Z","2026-07-24 13:00:00","/mount/RWS4/batch_jobs/scripts/CognosCustomencryptExtracts.sh >>/mount/RWS4/batch_jobs/log/CognosCus"
"TLB","CL12","TLB - download","30 * * * *","America/New_York","2026-07-24 03:30:00","2026-07-24T07:30:00.000Z","2026-07-24 13:00:00","/mount/RWS4/batch_jobs/scripts/download.sh >> /mount/RWS4/batch_jobs/log/dataimports.log"
"TWG","CL15","TWG - upload payfile","30 * * * *","Pacific/Auckland","2026-07-24 19:30:00","2026-07-24T07:30:00.000Z","2026-07-24 13:00:00","/mount/RWS4/batch_jobs/scripts/upload_payfile.sh >> /mount/RWS4/batch_jobs/log/upload_payfile.log"
"VEYR","CL15","VEYR - encryptExtracts [VEYR]","30 * * * *","America/New_York","2026-07-24 03:30:00","2026-07-24T07:30:00.000Z","2026-07-24 13:00:00","/mount/RWS4/batch_jobs/scripts/encryptExtracts.sh VEYR>> /mount/RWS4/batch_jobs/log/encryptExtracts."
"WAL","CL07","WAL - DBLogMonitor","*/30 * * * *","America/New_York","2026-07-24 03:30:00","2026-07-24T07:30:00.000Z","2026-07-24 13:00:00","/mount/RWS4/batch_jobs/scripts/DBLogMonitor.sh  > /dev/null  2>&1"
"WAW","CL01","WAW - encryptLOPSExtracts [WAWA]","*/30 * * * *","America/New_York","2026-07-24 03:30:00","2026-07-24T07:30:00.000Z","2026-07-24 13:00:00","/mount/RWS4/batch_jobs/scripts/encryptLOPSExtracts.sh WAWA >> /mount/RWS4/batch_jobs/log/encryptLOPS"
"HMROW","CL53","HMROW - workflow [VDInterval 0 0 HNM]","*/16 * * * *","Europe/London","2026-07-24 08:32:00","2026-07-24T07:32:00.000Z","2026-07-24 13:02:00","/mount/RWS4/batch_jobs/scripts/workflow.sh VDInterval 0 0 HNM >> /mount/RWS4/batch_jobs/log/VDInterv"
"HMROW","CL53","HMROW - workflow [VDPeriod 0 0 HNM]","*/16 * * * *","Europe/London","2026-07-24 08:32:00","2026-07-24T07:32:00.000Z","2026-07-24 13:02:00","/mount/RWS4/batch_jobs/scripts/workflow.sh VDPeriod 0 0 HNM >> /mount/RWS4/batch_jobs/log/VDPeriod.l"
"MB","CL55","MB - monitor MBR NewTaUnitPayDetailGeneratorJob","*/2 * * * *","Europe/London","2026-07-24 08:32:00","2026-07-24T07:32:00.000Z","2026-07-24 13:02:00","/mount/RWS4/batch_jobs/scripts/monitor_MBR_NewTaUnitPayDetailGeneratorJob.sh >> /mount/RWS4/batch_jo"
"VEYR","CL15","VEYR - monitor VEYR NewTaUnitPayDetailGeneratorJob","*/8 * * * *","America/New_York","2026-07-24 03:32:00","2026-07-24T07:32:00.000Z","2026-07-24 13:02:00","/mount/RWS4/batch_jobs/WAPM/scripts/monitor_VEYR_NewTaUnitPayDetailGeneratorJob.sh >> /mount/RWS4/ba"
"MB","CL55","MB - monitor MBR NewTaUnitPayDetailGeneratorJob","*/2 * * * *","Europe/London","2026-07-24 08:34:00","2026-07-24T07:34:00.000Z","2026-07-24 13:04:00","/mount/RWS4/batch_jobs/scripts/monitor_MBR_NewTaUnitPayDetailGeneratorJob.sh >> /mount/RWS4/batch_jo"
"RLY","CL25","RLY - encryptPayfile [RLY]","*/17 * * * *","America/New_York","2026-07-24 03:34:00","2026-07-24T07:34:00.000Z","2026-07-24 13:04:00","/mount/RWS4/batch_jobs/scripts/encryptPayfile.sh RLY >> /mount/RWS4/batch_jobs/log/encryptsPayfile.l"
"BPANZ","CL15","BPANZ - Append Timestamp [BP]","*/5 * * * *","America/New_York","2026-07-24 03:35:00","2026-07-24T07:35:00.000Z","2026-07-24 13:05:00","/mount/RWS4/batch_jobs/scripts/Append_Timestamp.sh BP >> /mount/RWS4/batch_jobs/log/Append_Timestamp"
"BPG","CL78","BPG - Append Timestamp [BP]","*/5 * * * *","Europe/Berlin","2026-07-24 09:35:00","2026-07-24T07:35:00.000Z","2026-07-24 13:05:00","/mount/RWS4/batch_jobs/scripts/Append_Timestamp.sh BP >/dev/null 2>&1"
"HMROW","CL53","HMROW - sync clocking event [HNM]","*/5 * * * *","Europe/London","2026-07-24 08:35:00","2026-07-24T07:35:00.000Z","2026-07-24 13:05:00","/mount/RWS4/batch_jobs/scripts/sync_clocking_event.sh HNM >> /mount/RWS4/batch_jobs/log/sync_clockin"
"IKI","CL54","IKI - encryptPayfile [IKI]","35 * * * *","Europe/Helsinki","2026-07-24 10:35:00","2026-07-24T07:35:00.000Z","2026-07-24 13:05:00","/mount/RWS4/batch_jobs/scripts/encryptPayfile.sh IKI >> /mount/RWS4/batch_jobs/log/encryptPayfile.lo"
"INSP","CL03","INSP - customAbsencesExtracts","*/5 * * * *","America/New_York","2026-07-24 03:35:00","2026-07-24T07:35:00.000Z","2026-07-24 13:05:00","/mount/RWS4/batch_jobs/scripts/customAbsencesExtracts.sh >> /mount/RWS4/batch_jobs/log/customAbsence"
"MCDDE","CL75","MCDDE - upload payfiles to sftp [MCDDE]","*/5 * * * *","Europe/Berlin","2026-07-24 09:35:00","2026-07-24T07:35:00.000Z","2026-07-24 13:05:00","/mount/RWS4/batch_jobs/scripts/upload_payfiles_to_sftp.sh MCDDE >> /mount/RWS4/batch_jobs/log/upload"
"MCDPL","CL51","MCDPL - encryptExtracts","*/5 * * * *","Europe/London","2026-07-24 08:35:00","2026-07-24T07:35:00.000Z","2026-07-24 13:05:00","/mount/RWS4/batch_jobs/scripts/encryptExtracts.sh >> /mount/RWS4/batch_jobs/log/encryptExtracts.log"
"MRW","CL51","MRW - sync to Sftp [MOR]","*/5 * * * *","Europe/London","2026-07-24 08:35:00","2026-07-24T07:35:00.000Z","2026-07-24 13:05:00","/mount/RWS4/batch_jobs/scripts/sync_to_Sftp.sh MOR>> /mount/RWS4/batch_jobs/scripts/sync_to_Sftp.log"
"TLB","CL12","TLB - encryptPayfile","5,35 * * * *","America/New_York","2026-07-24 03:35:00","2026-07-24T07:35:00.000Z","2026-07-24 13:05:00","/mount/RWS4/batch_jobs/scripts/encryptPayfile.sh >> /mount/RWS4/batch_jobs/log/encryptsPayfile.log 2"
"WAL","CL07","WAL - encryptExtracts","05,35 * * * *","America/New_York","2026-07-24 03:35:00","2026-07-24T07:35:00.000Z","2026-07-24 13:05:00","/mount/RWS4/batch_jobs/scripts/encryptExtracts.sh >> /mount/RWS4/batch_jobs/log/encryptExtracts.log "
"BPG","CL78","BPG - CopyPLReporttoSFTP [BP]","*/36 * * * *","Europe/Berlin","2026-07-24 09:36:00","2026-07-24T07:36:00.000Z","2026-07-24 13:06:00","/mount/RWS4/batch_jobs/scripts/CopyPLReporttoSFTP.sh BP>> /mount/RWS4/batch_jobs/log/CopyPLReporttoS"
"HMROW","CL53","HMROW - workflow [ClockingEventJob 0 0 HNM]","*/6 * * * *","Europe/London","2026-07-24 08:36:00","2026-07-24T07:36:00.000Z","2026-07-24 13:06:00","/mount/RWS4/batch_jobs/scripts/workflow.sh ClockingEventJob 0 0 HNM >> /mount/RWS4/batch_jobs/log/Cl"
"MB","CL55","MB - monitor MBR NewTaUnitPayDetailGeneratorJob","*/2 * * * *","Europe/London","2026-07-24 08:36:00","2026-07-24T07:36:00.000Z","2026-07-24 13:06:00","/mount/RWS4/batch_jobs/scripts/monitor_MBR_NewTaUnitPayDetailGeneratorJob.sh >> /mount/RWS4/batch_jo"
"MB","CL55","MB - monitor MBR NewTaUnitPayDetailGeneratorJob","*/2 * * * *","Europe/London","2026-07-24 08:38:00","2026-07-24T07:38:00.000Z","2026-07-24 13:08:00","/mount/RWS4/batch_jobs/scripts/monitor_MBR_NewTaUnitPayDetailGeneratorJob.sh >> /mount/RWS4/batch_jo"
"HMROW","CL53","HMROW - sync clocking event","9,19,29,39,49,59 * * * *","Europe/London","2026-07-24 08:39:00","2026-07-24T07:39:00.000Z","2026-07-24 13:09:00","/mount/RWS4/batch_jobs/scripts/sync_clocking_event.sh >> /mount/RWS4/batch_jobs/log/sync_clocking_ev"
"AAP","CL12","AAP - encryptDailyUserload","40 3 * * *","America/New_York","2026-07-24 03:40:00","2026-07-24T07:40:00.000Z","2026-07-24 13:10:00","/mount/RWS4/batch_jobs/scripts/encryptDailyUserload.sh >> /mount/RWS4/batch_jobs/log/encryptDailyUse"
"BPANZ","CL15","BPANZ - Append Timestamp [BP]","*/5 * * * *","America/New_York","2026-07-24 03:40:00","2026-07-24T07:40:00.000Z","2026-07-24 13:10:00","/mount/RWS4/batch_jobs/scripts/Append_Timestamp.sh BP >> /mount/RWS4/batch_jobs/log/Append_Timestamp"
"BPG","CL78","BPG - Append Timestamp [BP]","*/5 * * * *","Europe/Berlin","2026-07-24 09:40:00","2026-07-24T07:40:00.000Z","2026-07-24 13:10:00","/mount/RWS4/batch_jobs/scripts/Append_Timestamp.sh BP >/dev/null 2>&1"
"BPG","CL78","BPG - upload payfile PL [BP]","*/20 * * * *","Europe/Berlin","2026-07-24 09:40:00","2026-07-24T07:40:00.000Z","2026-07-24 13:10:00","/mount/RWS4/batch_jobs/scripts/upload_payfile_PL.sh BP>> /mount/RWS4/batch_jobs/log/PayFile_Upload_P"
"DIX","CL52","DIX - workflow [HRTS 3 ""SUPPLIER_STORES"" DIX]","*/20 * * * *","Europe/London","2026-07-24 08:40:00","2026-07-24T07:40:00.000Z","2026-07-24 13:10:00","/mount/RWS4/batch_jobs/scripts/workflow.sh HRTS 3 ""SUPPLIER_STORES"" DIX >> /mount/RWS4/batch_jobs/lo"
"DIX","CL52","DIX - workflow [POPULATERFCMETRICDATA 0 0 DIX]","*/10 * * * *","Europe/London","2026-07-24 08:40:00","2026-07-24T07:40:00.000Z","2026-07-24 13:10:00","/mount/RWS4/batch_jobs/scripts/workflow.sh POPULATERFCMETRICDATA 0 0 DIX >> /mount/RWS4/batch_jobs/l"
"HMROW","CL53","HMROW - sync clocking event [HNM]","*/5 * * * *","Europe/London","2026-07-24 08:40:00","2026-07-24T07:40:00.000Z","2026-07-24 13:10:00","/mount/RWS4/batch_jobs/scripts/sync_clocking_event.sh HNM >> /mount/RWS4/batch_jobs/log/sync_clockin"
"HOLT","CL26","HOLT - monitor HOLT NewTaUnitPayDetailGeneratorJob","*/10 * * * *","America/New_York","2026-07-24 03:40:00","2026-07-24T07:40:00.000Z","2026-07-24 13:10:00","/mount/RWS4/batch_jobs/WAPM/scripts/monitor_HOLT_NewTaUnitPayDetailGeneratorJob.sh >> /mount/RWS4/ba"
"INSP","CL03","INSP - customAbsencesExtracts","*/5 * * * *","America/New_York","2026-07-24 03:40:00","2026-07-24T07:40:00.000Z","2026-07-24 13:10:00","/mount/RWS4/batch_jobs/scripts/customAbsencesExtracts.sh >> /mount/RWS4/batch_jobs/log/customAbsence"
"MB","CL55","MB - monitor MBR NewTaUnitPayDetailGeneratorJob","*/2 * * * *","Europe/London","2026-07-24 08:40:00","2026-07-24T07:40:00.000Z","2026-07-24 13:10:00","/mount/RWS4/batch_jobs/scripts/monitor_MBR_NewTaUnitPayDetailGeneratorJob.sh >> /mount/RWS4/batch_jo"
"MCDDE","CL75","MCDDE - upload payfiles to sftp [MCDDE]","*/5 * * * *","Europe/Berlin","2026-07-24 09:40:00","2026-07-24T07:40:00.000Z","2026-07-24 13:10:00","/mount/RWS4/batch_jobs/scripts/upload_payfiles_to_sftp.sh MCDDE >> /mount/RWS4/batch_jobs/log/upload"
"MCDPL","CL51","MCDPL - encryptExtracts","*/5 * * * *","Europe/London","2026-07-24 08:40:00","2026-07-24T07:40:00.000Z","2026-07-24 13:10:00","/mount/RWS4/batch_jobs/scripts/encryptExtracts.sh >> /mount/RWS4/batch_jobs/log/encryptExtracts.log"
"MRW","CL51","MRW - sync to Sftp [MOR]","*/5 * * * *","Europe/London","2026-07-24 08:40:00","2026-07-24T07:40:00.000Z","2026-07-24 13:10:00","/mount/RWS4/batch_jobs/scripts/sync_to_Sftp.sh MOR>> /mount/RWS4/batch_jobs/scripts/sync_to_Sftp.log"
"SIG","CL17","SIG - CustomExtractsBARC","*/10 * * * *","America/New_York","2026-07-24 03:40:00","2026-07-24T07:40:00.000Z","2026-07-24 13:10:00","/mount/RWS4/batch_jobs/scripts/CustomExtractsBARC.sh >> /mount/RWS4/batch_jobs/log/CustomExtractsBAR"
"VEYR","CL15","VEYR - monitor VEYR NewTaUnitPayDetailGeneratorJob","*/8 * * * *","America/New_York","2026-07-24 03:40:00","2026-07-24T07:40:00.000Z","2026-07-24 13:10:00","/mount/RWS4/batch_jobs/WAPM/scripts/monitor_VEYR_NewTaUnitPayDetailGeneratorJob.sh >> /mount/RWS4/ba"
"BCF","CL25","BCF - encryptPayfile [BCF]","11,41 * * * *","America/New_York","2026-07-24 03:41:00","2026-07-24T07:41:00.000Z","2026-07-24 13:11:00","/mount/RWS4/batch_jobs/scripts/encryptPayfile.sh BCF >> /mount/RWS4/batch_jobs/log/encryptsPayfile.l"
"HMROW","CL53","HMROW - workflow [ClockingEventJob 0 0 HNM]","*/6 * * * *","Europe/London","2026-07-24 08:42:00","2026-07-24T07:42:00.000Z","2026-07-24 13:12:00","/mount/RWS4/batch_jobs/scripts/workflow.sh ClockingEventJob 0 0 HNM >> /mount/RWS4/batch_jobs/log/Cl"
"MB","CL55","MB - monitor MBR NewTaUnitPayDetailGeneratorJob","*/2 * * * *","Europe/London","2026-07-24 08:42:00","2026-07-24T07:42:00.000Z","2026-07-24 13:12:00","/mount/RWS4/batch_jobs/scripts/monitor_MBR_NewTaUnitPayDetailGeneratorJob.sh >> /mount/RWS4/batch_jo"
"MB","CL55","MB - monitor MBR NewTaUnitPayDetailGeneratorJob","*/2 * * * *","Europe/London","2026-07-24 08:44:00","2026-07-24T07:44:00.000Z","2026-07-24 13:14:00","/mount/RWS4/batch_jobs/scripts/monitor_MBR_NewTaUnitPayDetailGeneratorJob.sh >> /mount/RWS4/batch_jo"
"TWG","CL15","TWG - monitor TWG RTATerminationPayJob","*/22 * * * *","Pacific/Auckland","2026-07-24 19:44:00","2026-07-24T07:44:00.000Z","2026-07-24 13:14:00","/mount/RWS4/batch_jobs/scripts/monitor_TWG_RTATerminationPayJob.sh >> /mount/RWS4/batch_jobs/logs/mo"
"BNQ","CL52","BNQ - download","*/15 * * * *","Europe/London","2026-07-24 08:45:00","2026-07-24T07:45:00.000Z","2026-07-24 13:15:00","/mount/RWS4/batch_jobs/scripts/download.sh >> /mount/RWS4/batch_jobs/log/dataimports.log"
"BNQ","CL52","BNQ - sync clocking event","*/15 * * * *","Europe/London","2026-07-24 08:45:00","2026-07-24T07:45:00.000Z","2026-07-24 13:15:00","/mount/RWS4/batch_jobs/scripts/sync_clocking_event.sh >> /mount/RWS4/batch_jobs/log/sync_clocking_ev"
"BPANZ","CL15","BPANZ - Append Timestamp [BP]","*/5 * * * *","America/New_York","2026-07-24 03:45:00","2026-07-24T07:45:00.000Z","2026-07-24 13:15:00","/mount/RWS4/batch_jobs/scripts/Append_Timestamp.sh BP >> /mount/RWS4/batch_jobs/log/Append_Timestamp"
"BPG","CL78","BPG - Append Timestamp [BP]","*/5 * * * *","Europe/Berlin","2026-07-24 09:45:00","2026-07-24T07:45:00.000Z","2026-07-24 13:15:00","/mount/RWS4/batch_jobs/scripts/Append_Timestamp.sh BP >/dev/null 2>&1"
"BPG","CL78","BPG - Upload ES Cognose Extract SFTP [BP]","*/45 * * * *","Europe/Berlin","2026-07-24 09:45:00","2026-07-24T07:45:00.000Z","2026-07-24 13:15:00","/mount/RWS4/batch_jobs/scripts/Upload_ES_Cognose_Extract_SFTP.sh BP > /mount/RWS4/batch_jobs/log/Upl"
"CVSH","CL20","CVSH - CognosDailyScheduleExtractsStatus [CVS]","45 3 * * *","America/New_York","2026-07-24 03:45:00","2026-07-24T07:45:00.000Z","2026-07-24 13:15:00","/mount/RWS4/batch_jobs/scripts/CognosDailyScheduleExtractsStatus.sh CVS >> /mount/RWS4/batch_jobs/lo"
"DIX","CL52","DIX - encryptExtracts [DIX]","*/15 * * * *","Europe/London","2026-07-24 08:45:00","2026-07-24T07:45:00.000Z","2026-07-24 13:15:00","/mount/RWS4/batch_jobs/scripts/encryptExtracts.sh DIX >> /mount/RWS4/batch_jobs/log/encryptExtracts."
"HMROW","CL53","HMROW - sync clocking event [HNM]","*/5 * * * *","Europe/London","2026-07-24 08:45:00","2026-07-24T07:45:00.000Z","2026-07-24 13:15:00","/mount/RWS4/batch_jobs/scripts/sync_clocking_event.sh HNM >> /mount/RWS4/batch_jobs/log/sync_clockin"
"HMROW","CL53","HMROW - sync from Sftp VD","*/15 * * * *","Europe/London","2026-07-24 08:45:00","2026-07-24T07:45:00.000Z","2026-07-24 13:15:00","/mount/RWS4/batch_jobs/scripts/sync_from_Sftp_VD.sh >> /mount/RWS4/batch_jobs/log/sync_from_Sftp_VD."
"HMROW","CL53","HMROW - sync to Sftp [HNM]","*/15 * * * *","Europe/London","2026-07-24 08:45:00","2026-07-24T07:45:00.000Z","2026-07-24 13:15:00","/mount/RWS4/batch_jobs/scripts/sync_to_Sftp.sh HNM >> /mount/RWS4/batch_jobs/log/sync_to_Sftp.log 2>"
"HMROW","CL53","HMROW - sync to Sftp payroll [HNM]","*/15 * * * *","Europe/London","2026-07-24 08:45:00","2026-07-24T07:45:00.000Z","2026-07-24 13:15:00","/mount/RWS4/batch_jobs/scripts/sync_to_Sftp_payroll.sh HNM >> /mount/RWS4/batch_jobs/log/sync_to_Sft"
"HNMG","CL77","HNMG - sync from Sftp","*/15 * * * *","Europe/Berlin","2026-07-24 09:45:00","2026-07-24T07:45:00.000Z","2026-07-24 13:15:00","/mount/RWS4/batch_jobs/scripts/sync_from_Sftp.sh >> /mount/RWS4/batch_jobs/log/sync_from_Sftp.log 2>"
"HNMG","CL77","HNMG - sync to Sftp [HNM]","*/15 * * * *","Europe/Berlin","2026-07-24 09:45:00","2026-07-24T07:45:00.000Z","2026-07-24 13:15:00","/mount/RWS4/batch_jobs/scripts/sync_to_Sftp.sh HNM >> /mount/RWS4/batch_jobs/log/sync_to_Sftp.log 2>"
"INSP","CL03","INSP - customAbsencesExtracts","*/5 * * * *","America/New_York","2026-07-24 03:45:00","2026-07-24T07:45:00.000Z","2026-07-24 13:15:00","/mount/RWS4/batch_jobs/scripts/customAbsencesExtracts.sh >> /mount/RWS4/batch_jobs/log/customAbsence"
"INSP","CL03","INSP - customEncryptInfotype7Extracts","*/15 * * * *","America/New_York","2026-07-24 03:45:00","2026-07-24T07:45:00.000Z","2026-07-24 13:15:00","/mount/RWS4/batch_jobs/scripts/customEncryptInfotype7Extracts.sh >> /mount/RWS4/batch_jobs/log/custo"
"MB","CL55","MB - download","*/15 * * * *","Europe/London","2026-07-24 08:45:00","2026-07-24T07:45:00.000Z","2026-07-24 13:15:00","/mount/RWS4/batch_jobs/scripts/download.sh >> /mount/RWS4/batch_jobs/log/dataimports.log"
"MCDDE","CL75","MCDDE - WFMExtracts to sftp [MCDDE]","*/15 * * * *","Europe/Berlin","2026-07-24 09:45:00","2026-07-24T07:45:00.000Z","2026-07-24 13:15:00","/mount/RWS4/batch_jobs/scripts/WFMExtracts_to_sftp.sh MCDDE >> /mount/RWS4/batch_jobs/log/WFMExtract"
"MCDDE","CL75","MCDDE - encryptExtracts [MCDDE]","*/15 * * * *","Europe/Berlin","2026-07-24 09:45:00","2026-07-24T07:45:00.000Z","2026-07-24 13:15:00","/mount/RWS4/batch_jobs/scripts/encryptExtracts.sh MCDDE >> /mount/RWS4/batch_jobs/log/encryptExtract"
"MCDDE","CL75","MCDDE - upload payfiles to sftp [MCDDE]","*/5 * * * *","Europe/Berlin","2026-07-24 09:45:00","2026-07-24T07:45:00.000Z","2026-07-24 13:15:00","/mount/RWS4/batch_jobs/scripts/upload_payfiles_to_sftp.sh MCDDE >> /mount/RWS4/batch_jobs/log/upload"
"MCDPL","CL51","MCDPL - encryptExtracts","*/5 * * * *","Europe/London","2026-07-24 08:45:00","2026-07-24T07:45:00.000Z","2026-07-24 13:15:00","/mount/RWS4/batch_jobs/scripts/encryptExtracts.sh >> /mount/RWS4/batch_jobs/log/encryptExtracts.log"
"MRW","CL51","MRW - download [MOR]","*/15 * * * *","Europe/London","2026-07-24 08:45:00","2026-07-24T07:45:00.000Z","2026-07-24 13:15:00","/mount/RWS4/batch_jobs/scripts/download.sh MOR>> /mount/RWS4/batch_jobs/log/processDataImports.log 2"
"MRW","CL51","MRW - sync to Sftp [MOR]","*/5 * * * *","Europe/London","2026-07-24 08:45:00","2026-07-24T07:45:00.000Z","2026-07-24 13:15:00","/mount/RWS4/batch_jobs/scripts/sync_to_Sftp.sh MOR>> /mount/RWS4/batch_jobs/scripts/sync_to_Sftp.log"
"RKH","CL26","RKH - download [RKH]","*/15 * * * *","America/New_York","2026-07-24 03:45:00","2026-07-24T07:45:00.000Z","2026-07-24 13:15:00","/mount/RWS4/batch_jobs/scripts/download.sh RKH >> /mount/RWS4/batch_jobs/log/dataimports.log 2>&1"
"SFC","CL52","SFC - encryptPayfile","*/15 * * * *","Europe/London","2026-07-24 08:45:00","2026-07-24T07:45:00.000Z","2026-07-24 13:15:00","/mount/RWS4/batch_jobs/scripts/encryptPayfile.sh >> /mount/RWS4/batch_jobs/log/encryptPayfile.log 2>"
"MB","CL55","MB - monitor MBR NewTaUnitPayDetailGeneratorJob","*/2 * * * *","Europe/London","2026-07-24 08:46:00","2026-07-24T07:46:00.000Z","2026-07-24 13:16:00","/mount/RWS4/batch_jobs/scripts/monitor_MBR_NewTaUnitPayDetailGeneratorJob.sh >> /mount/RWS4/batch_jo"
"HMROW","CL53","HMROW - workflow [ClockingEventJob 0 0 HNM]","*/6 * * * *","Europe/London","2026-07-24 08:48:00","2026-07-24T07:48:00.000Z","2026-07-24 13:18:00","/mount/RWS4/batch_jobs/scripts/workflow.sh ClockingEventJob 0 0 HNM >> /mount/RWS4/batch_jobs/log/Cl"
"HMROW","CL53","HMROW - workflow [VDInterval 0 0 HNM]","*/16 * * * *","Europe/London","2026-07-24 08:48:00","2026-07-24T07:48:00.000Z","2026-07-24 13:18:00","/mount/RWS4/batch_jobs/scripts/workflow.sh VDInterval 0 0 HNM >> /mount/RWS4/batch_jobs/log/VDInterv"
"HMROW","CL53","HMROW - workflow [VDPeriod 0 0 HNM]","*/16 * * * *","Europe/London","2026-07-24 08:48:00","2026-07-24T07:48:00.000Z","2026-07-24 13:18:00","/mount/RWS4/batch_jobs/scripts/workflow.sh VDPeriod 0 0 HNM >> /mount/RWS4/batch_jobs/log/VDPeriod.l"
"MB","CL55","MB - monitor MBR NewTaUnitPayDetailGeneratorJob","*/2 * * * *","Europe/London","2026-07-24 08:48:00","2026-07-24T07:48:00.000Z","2026-07-24 13:18:00","/mount/RWS4/batch_jobs/scripts/monitor_MBR_NewTaUnitPayDetailGeneratorJob.sh >> /mount/RWS4/batch_jo"
"VEYR","CL15","VEYR - monitor VEYR NewTaUnitPayDetailGeneratorJob","*/8 * * * *","America/New_York","2026-07-24 03:48:00","2026-07-24T07:48:00.000Z","2026-07-24 13:18:00","/mount/RWS4/batch_jobs/WAPM/scripts/monitor_VEYR_NewTaUnitPayDetailGeneratorJob.sh >> /mount/RWS4/ba"
"HMROW","CL53","HMROW - sync clocking event","9,19,29,39,49,59 * * * *","Europe/London","2026-07-24 08:49:00","2026-07-24T07:49:00.000Z","2026-07-24 13:19:00","/mount/RWS4/batch_jobs/scripts/sync_clocking_event.sh >> /mount/RWS4/batch_jobs/log/sync_clocking_ev"
"BPANZ","CL15","BPANZ - Append Timestamp [BP]","*/5 * * * *","America/New_York","2026-07-24 03:50:00","2026-07-24T07:50:00.000Z","2026-07-24 13:20:00","/mount/RWS4/batch_jobs/scripts/Append_Timestamp.sh BP >> /mount/RWS4/batch_jobs/log/Append_Timestamp"
"BPG","CL78","BPG - Append Timestamp [BP]","*/5 * * * *","Europe/Berlin","2026-07-24 09:50:00","2026-07-24T07:50:00.000Z","2026-07-24 13:20:00","/mount/RWS4/batch_jobs/scripts/Append_Timestamp.sh BP >/dev/null 2>&1"
"BSI","CL09","BSI - sftpOutboundRetry [BOTH]","*/25 * * * *","America/New_York","2026-07-24 03:50:00","2026-07-24T07:50:00.000Z","2026-07-24 13:20:00","/mount/RWS4/batch_jobs/scripts/sftpOutboundRetry.sh BOTH >> /mount/RWS4/batch_jobs/log/sftpOutboundR"
"DIX","CL52","DIX - workflow [POPULATERFCMETRICDATA 0 0 DIX]","*/10 * * * *","Europe/London","2026-07-24 08:50:00","2026-07-24T07:50:00.000Z","2026-07-24 13:20:00","/mount/RWS4/batch_jobs/scripts/workflow.sh POPULATERFCMETRICDATA 0 0 DIX >> /mount/RWS4/batch_jobs/l"
"HMROW","CL53","HMROW - sync clocking event [HNM]","*/5 * * * *","Europe/London","2026-07-24 08:50:00","2026-07-24T07:50:00.000Z","2026-07-24 13:20:00","/mount/RWS4/batch_jobs/scripts/sync_clocking_event.sh HNM >> /mount/RWS4/batch_jobs/log/sync_clockin"
"HOLT","CL26","HOLT - monitor HOLT NewTaUnitPayDetailGeneratorJob","*/10 * * * *","America/New_York","2026-07-24 03:50:00","2026-07-24T07:50:00.000Z","2026-07-24 13:20:00","/mount/RWS4/batch_jobs/WAPM/scripts/monitor_HOLT_NewTaUnitPayDetailGeneratorJob.sh >> /mount/RWS4/ba"
"INSP","CL03","INSP - customAbsencesExtracts","*/5 * * * *","America/New_York","2026-07-24 03:50:00","2026-07-24T07:50:00.000Z","2026-07-24 13:20:00","/mount/RWS4/batch_jobs/scripts/customAbsencesExtracts.sh >> /mount/RWS4/batch_jobs/log/customAbsence"
"MB","CL55","MB - monitor MBR NewTaUnitPayDetailGeneratorJob","*/2 * * * *","Europe/London","2026-07-24 08:50:00","2026-07-24T07:50:00.000Z","2026-07-24 13:20:00","/mount/RWS4/batch_jobs/scripts/monitor_MBR_NewTaUnitPayDetailGeneratorJob.sh >> /mount/RWS4/batch_jo"
"MCDDE","CL75","MCDDE - upload payfiles to sftp [MCDDE]","*/5 * * * *","Europe/Berlin","2026-07-24 09:50:00","2026-07-24T07:50:00.000Z","2026-07-24 13:20:00","/mount/RWS4/batch_jobs/scripts/upload_payfiles_to_sftp.sh MCDDE >> /mount/RWS4/batch_jobs/log/upload"
"MCDPL","CL51","MCDPL - encryptExtracts","*/5 * * * *","Europe/London","2026-07-24 08:50:00","2026-07-24T07:50:00.000Z","2026-07-24 13:20:00","/mount/RWS4/batch_jobs/scripts/encryptExtracts.sh >> /mount/RWS4/batch_jobs/log/encryptExtracts.log"
"MRW","CL51","MRW - sync to Sftp [MOR]","*/5 * * * *","Europe/London","2026-07-24 08:50:00","2026-07-24T07:50:00.000Z","2026-07-24 13:20:00","/mount/RWS4/batch_jobs/scripts/sync_to_Sftp.sh MOR>> /mount/RWS4/batch_jobs/scripts/sync_to_Sftp.log"
"ODP41","CL15","ODP41 - MonitorCognosExtract [""TaException_Reflexis_en_uc""]","50 03 * * *","America/New_York","2026-07-24 03:50:00","2026-07-24T07:50:00.000Z","2026-07-24 13:20:00","/mount/RWS4/batch_jobs/scripts/MonitorCognosExtract.sh ""TaException_Reflexis_en_uc"" >> /dev/null"
"SIG","CL17","SIG - CustomExtractsBARC","*/10 * * * *","America/New_York","2026-07-24 03:50:00","2026-07-24T07:50:00.000Z","2026-07-24 13:20:00","/mount/RWS4/batch_jobs/scripts/CustomExtractsBARC.sh >> /mount/RWS4/batch_jobs/log/CustomExtractsBAR"
"RLY","CL25","RLY - encryptPayfile [RLY]","*/17 * * * *","America/New_York","2026-07-24 03:51:00","2026-07-24T07:51:00.000Z","2026-07-24 13:21:00","/mount/RWS4/batch_jobs/scripts/encryptPayfile.sh RLY >> /mount/RWS4/batch_jobs/log/encryptsPayfile.l"
"MB","CL55","MB - monitor MBR NewTaUnitPayDetailGeneratorJob","*/2 * * * *","Europe/London","2026-07-24 08:52:00","2026-07-24T07:52:00.000Z","2026-07-24 13:22:00","/mount/RWS4/batch_jobs/scripts/monitor_MBR_NewTaUnitPayDetailGeneratorJob.sh >> /mount/RWS4/batch_jo"
"HMROW","CL53","HMROW - workflow [ClockingEventJob 0 0 HNM]","*/6 * * * *","Europe/London","2026-07-24 08:54:00","2026-07-24T07:54:00.000Z","2026-07-24 13:24:00","/mount/RWS4/batch_jobs/scripts/workflow.sh ClockingEventJob 0 0 HNM >> /mount/RWS4/batch_jobs/log/Cl"
"MB","CL55","MB - monitor MBR NewTaUnitPayDetailGeneratorJob","*/2 * * * *","Europe/London","2026-07-24 08:54:00","2026-07-24T07:54:00.000Z","2026-07-24 13:24:00","/mount/RWS4/batch_jobs/scripts/monitor_MBR_NewTaUnitPayDetailGeneratorJob.sh >> /mount/RWS4/batch_jo"
"AZO","CL17","AZO - CustomencryptCognosExtractWithHeaderFooter","25,55 * * * *","America/New_York","2026-07-24 03:55:00","2026-07-24T07:55:00.000Z","2026-07-24 13:25:00","/mount/RWS4/batch_jobs/scripts/CustomencryptCognosExtractWithHeaderFooter.sh >> /mount/RWS4/batch_jo"
"BPANZ","CL15","BPANZ - Append Timestamp [BP]","*/5 * * * *","America/New_York","2026-07-24 03:55:00","2026-07-24T07:55:00.000Z","2026-07-24 13:25:00","/mount/RWS4/batch_jobs/scripts/Append_Timestamp.sh BP >> /mount/RWS4/batch_jobs/log/Append_Timestamp"
"BPG","CL78","BPG - Append Timestamp [BP]","*/5 * * * *","Europe/Berlin","2026-07-24 09:55:00","2026-07-24T07:55:00.000Z","2026-07-24 13:25:00","/mount/RWS4/batch_jobs/scripts/Append_Timestamp.sh BP >/dev/null 2>&1"
"HMROW","CL53","HMROW - sync clocking event [HNM]","*/5 * * * *","Europe/London","2026-07-24 08:55:00","2026-07-24T07:55:00.000Z","2026-07-24 13:25:00","/mount/RWS4/batch_jobs/scripts/sync_clocking_event.sh HNM >> /mount/RWS4/batch_jobs/log/sync_clockin"
"INSP","CL03","INSP - customAbsencesExtracts","*/5 * * * *","America/New_York","2026-07-24 03:55:00","2026-07-24T07:55:00.000Z","2026-07-24 13:25:00","/mount/RWS4/batch_jobs/scripts/customAbsencesExtracts.sh >> /mount/RWS4/batch_jobs/log/customAbsence"
"INSP","CL03","INSP - encryptPayfile [INSP]","*/55 * * * *","America/New_York","2026-07-24 03:55:00","2026-07-24T07:55:00.000Z","2026-07-24 13:25:00","/mount/RWS4/batch_jobs/scripts/encryptPayfile.sh INSP >> /mount/RWS4/batch_jobs/log/encryptPayfile.l"
"MCDDE","CL75","MCDDE - mergeVD02 [MCDDE]","25,55 * * * *","Europe/Berlin","2026-07-24 09:55:00","2026-07-24T07:55:00.000Z","2026-07-24 13:25:00","/mount/RWS4/batch_jobs/scripts/mergeVD02.sh MCDDE >> /mount/RWS4/batch_jobs/log/mergeVD02_`date +\%Y"
"MCDDE","CL75","MCDDE - upload payfiles to sftp [MCDDE]","*/5 * * * *","Europe/Berlin","2026-07-24 09:55:00","2026-07-24T07:55:00.000Z","2026-07-24 13:25:00","/mount/RWS4/batch_jobs/scripts/upload_payfiles_to_sftp.sh MCDDE >> /mount/RWS4/batch_jobs/log/upload"
"MCDPL","CL51","MCDPL - encryptExtracts","*/5 * * * *","Europe/London","2026-07-24 08:55:00","2026-07-24T07:55:00.000Z","2026-07-24 13:25:00","/mount/RWS4/batch_jobs/scripts/encryptExtracts.sh >> /mount/RWS4/batch_jobs/log/encryptExtracts.log"
"MRW","CL51","MRW - sync to Sftp [MOR]","*/5 * * * *","Europe/London","2026-07-24 08:55:00","2026-07-24T07:55:00.000Z","2026-07-24 13:25:00","/mount/RWS4/batch_jobs/scripts/sync_to_Sftp.sh MOR>> /mount/RWS4/batch_jobs/scripts/sync_to_Sftp.log"
"MB","CL55","MB - monitor MBR NewTaUnitPayDetailGeneratorJob","*/2 * * * *","Europe/London","2026-07-24 08:56:00","2026-07-24T07:56:00.000Z","2026-07-24 13:26:00","/mount/RWS4/batch_jobs/scripts/monitor_MBR_NewTaUnitPayDetailGeneratorJob.sh >> /mount/RWS4/batch_jo"
"VEYR","CL15","VEYR - monitor VEYR NewTaUnitPayDetailGeneratorJob","*/8 * * * *","America/New_York","2026-07-24 03:56:00","2026-07-24T07:56:00.000Z","2026-07-24 13:26:00","/mount/RWS4/batch_jobs/WAPM/scripts/monitor_VEYR_NewTaUnitPayDetailGeneratorJob.sh >> /mount/RWS4/ba"
"MB","CL55","MB - monitor MBR NewTaUnitPayDetailGeneratorJob","*/2 * * * *","Europe/London","2026-07-24 08:58:00","2026-07-24T07:58:00.000Z","2026-07-24 13:28:00","/mount/RWS4/batch_jobs/scripts/monitor_MBR_NewTaUnitPayDetailGeneratorJob.sh >> /mount/RWS4/batch_jo"
"BAS","CL25","BAS - download [BAS]","59 00,*/1 * * *","America/New_York","2026-07-24 03:59:00","2026-07-24T07:59:00.000Z","2026-07-24 13:29:00","/mount/RWS4/batch_jobs/scripts/download.sh BAS >> /mount/RWS4/batch_jobs/log/dataimports.log 2>&1"
"HMROW","CL53","HMROW - sync clocking event","9,19,29,39,49,59 * * * *","Europe/London","2026-07-24 08:59:00","2026-07-24T07:59:00.000Z","2026-07-24 13:29:00","/mount/RWS4/batch_jobs/scripts/sync_clocking_event.sh >> /mount/RWS4/batch_jobs/log/sync_clocking_ev"
"AAP","CL12","AAP - download","*/30 * * * *","America/New_York","2026-07-24 04:00:00","2026-07-24T08:00:00.000Z","2026-07-24 13:30:00","/mount/RWS4/batch_jobs/scripts/download.sh >> /mount/RWS4/batch_jobs/log/dataimports.log"
"AZMX","CL26","AZMX - Monitoring RWS Processes [IN_FOLDER_CHECK]","0 */1 * * *","America/New_York","2026-07-24 04:00:00","2026-07-24T08:00:00.000Z","2026-07-24 13:30:00","/mount/RWS4/batch_jobs/WAPM/scripts/Monitoring_RWS_Processes.sh IN_FOLDER_CHECK >> /mount/RWS4/batch"
"AZMX","CL26","AZMX - download [AZMX]","*/30 * * * *","America/New_York","2026-07-24 04:00:00","2026-07-24T08:00:00.000Z","2026-07-24 13:30:00","/mount/RWS4/batch_jobs/scripts/download.sh AZMX >> /mount/RWS4/batch_jobs/log/dataimports.log 2>&1"
"BAS","CL25","BAS - Monitoring RWS Processes [IN_FOLDER_CHECK]","0 */4 * * *","America/New_York","2026-07-24 04:00:00","2026-07-24T08:00:00.000Z","2026-07-24 13:30:00","/mount/RWS4/batch_jobs/WAPM/scripts/Monitoring_RWS_Processes.sh IN_FOLDER_CHECK >> /mount/RWS4/batch"
"BAS","CL25","BAS - Monitoring RWS Processes [REJECTED_FILE_CHECK]","0 */4 * * *","America/New_York","2026-07-24 04:00:00","2026-07-24T08:00:00.000Z","2026-07-24 13:30:00","/mount/RWS4/batch_jobs/WAPM/scripts/Monitoring_RWS_Processes.sh REJECTED_FILE_CHECK >> /mount/RWS4/b"
"BAS","CL25","BAS - Monitoring RWS Processes [UPLOAD_FILE_CHECK]","0 */4 * * *","America/New_York","2026-07-24 04:00:00","2026-07-24T08:00:00.000Z","2026-07-24 13:30:00","/mount/RWS4/batch_jobs/WAPM/scripts/Monitoring_RWS_Processes.sh UPLOAD_FILE_CHECK >> /mount/RWS4/bat"
"BAS","CL25","BAS - encryptPayfile [BAS]","0 */1 * * *","America/New_York","2026-07-24 04:00:00","2026-07-24T08:00:00.000Z","2026-07-24 13:30:00","/mount/RWS4/batch_jobs/scripts/encryptPayfile.sh BAS >> /mount/RWS4/batch_jobs/log/encryptsPayfile.l"
"BCF","CL25","BCF - download [BCF]","0 */1 * * *","America/New_York","2026-07-24 04:00:00","2026-07-24T08:00:00.000Z","2026-07-24 13:30:00","/mount/RWS4/batch_jobs/scripts/download.sh BCF >> /mount/RWS4/batch_jobs/log/dataimports.log  2>&1"
"BCF","CL25","BCF - workflow [UpdateRfcCalculatedMetrics 76 BCF] (*/30 * * * *)","*/30 * * * *","America/New_York","2026-07-24 04:00:00","2026-07-24T08:00:00.000Z","2026-07-24 13:30:00","/mount/RWS4/batch_jobs/scripts/workflow.sh UpdateRfcCalculatedMetrics -1 76 BCF >> /mount/RWS4/batch"
"BCOP","CL19","BCOP - download","*/30 * * * *","America/New_York","2026-07-24 04:00:00","2026-07-24T08:00:00.000Z","2026-07-24 13:30:00","/mount/RWS4/batch_jobs/scripts/download.sh >> /mount/RWS4/batch_jobs/log/dataimports.log"
"BLK","CL12","BLK - Monitor HRAC [BELK]","0 4 * * *","America/New_York","2026-07-24 04:00:00","2026-07-24T08:00:00.000Z","2026-07-24 13:30:00","/mount/RWS4/batch_jobs/scripts/Monitor_HRAC.sh BELK >> /mount/RWS4/batch_jobs/logs/Monitor_HRAC_7.lo"
"BLK","CL12","BLK - Monitoring RWS Processes [UNRESOLVED_PUNCH_MONITORING]","*/30 * * * *","America/New_York","2026-07-24 04:00:00","2026-07-24T08:00:00.000Z","2026-07-24 13:30:00","/mount/RWS4/batch_jobs/WAPM/scripts/Monitoring_RWS_Processes.sh UNRESOLVED_PUNCH_MONITORING"
"BNQ","CL52","BNQ - download","*/15 * * * *","Europe/London","2026-07-24 09:00:00","2026-07-24T08:00:00.000Z","2026-07-24 13:30:00","/mount/RWS4/batch_jobs/scripts/download.sh >> /mount/RWS4/batch_jobs/log/dataimports.log"
"BNQ","CL52","BNQ - sync clocking event","*/15 * * * *","Europe/London","2026-07-24 09:00:00","2026-07-24T08:00:00.000Z","2026-07-24 13:30:00","/mount/RWS4/batch_jobs/scripts/sync_clocking_event.sh >> /mount/RWS4/batch_jobs/log/sync_clocking_ev"
"BPANZ","CL15","BPANZ - Append Timestamp [BP]","*/5 * * * *","America/New_York","2026-07-24 04:00:00","2026-07-24T08:00:00.000Z","2026-07-24 13:30:00","/mount/RWS4/batch_jobs/scripts/Append_Timestamp.sh BP >> /mount/RWS4/batch_jobs/log/Append_Timestamp"
"BPANZ","CL15","BPANZ - Copy AU DailyAbsenceReporttoSFTP [BP]","*/30 * * * *","America/New_York","2026-07-24 04:00:00","2026-07-24T08:00:00.000Z","2026-07-24 13:30:00","/mount/RWS4/batch_jobs/scripts/Copy_AU_DailyAbsenceReporttoSFTP.sh BP > /mount/RWS4/batch_jobs/log/C"
"BPANZ","CL15","BPANZ - CopyCognosReporttoPayrollfolderNZ [BP]","*/30 * * * *","America/New_York","2026-07-24 04:00:00","2026-07-24T08:00:00.000Z","2026-07-24 13:30:00","/mount/RWS4/batch_jobs/scripts/CopyCognosReporttoPayrollfolderNZ.sh BP >> /mount/RWS4/batch_jobs/log"
"BPANZ","CL15","BPANZ - cleanup [BP] (0 4 * * *)","0 4 * * *","America/New_York","2026-07-24 04:00:00","2026-07-24T08:00:00.000Z","2026-07-24 13:30:00","/mount/RWS4/batch_jobs/scripts/cleanup.sh BP >> /mount/RWS4/batch_jobs/log/cleanup.log 2>&1"
"BPANZ","CL15","BPANZ - workflow [workload 5 ""AU\%20Retail\%20Live\%20Sites"" BP]","00 04 * * 5","America/New_York","2026-07-24 04:00:00","2026-07-24T08:00:00.000Z","2026-07-24 13:30:00","/mount/RWS4/batch_jobs/scripts/workflow.sh workload 5 ""AU\%20Retail\%20Live\%20Sites"" BP >> /mount/R"
"BPANZ","CL15","BPANZ - workflow [workload 5 ""NZ\%20Logile\%20Sites"" BP]","00 04 * * 5","America/New_York","2026-07-24 04:00:00","2026-07-24T08:00:00.000Z","2026-07-24 13:30:00","/mount/RWS4/batch_jobs/scripts/workflow.sh workload 5 ""NZ\%20Logile\%20Sites"" BP >> /mount/RWS4/batc"
"BPANZ","CL15","BPANZ - workflow [workload_RW 4 ""AU\%20Retail\%20Live\%20Sites"" BP]","00 04 * * 5","America/New_York","2026-07-24 04:00:00","2026-07-24T08:00:00.000Z","2026-07-24 13:30:00","/mount/RWS4/batch_jobs/scripts/workflow.sh workload_RW 4 ""AU\%20Retail\%20Live\%20Sites"" BP >> /moun"
"BPG","CL78","BPG - Append Timestamp [BP]","*/5 * * * *","Europe/Berlin","2026-07-24 10:00:00","2026-07-24T08:00:00.000Z","2026-07-24 13:30:00","/mount/RWS4/batch_jobs/scripts/Append_Timestamp.sh BP >/dev/null 2>&1"
"BPG","CL78","BPG - CopyPLReporttoSFTP [BP]","*/36 * * * *","Europe/Berlin","2026-07-24 10:00:00","2026-07-24T08:00:00.000Z","2026-07-24 13:30:00","/mount/RWS4/batch_jobs/scripts/CopyPLReporttoSFTP.sh BP>> /mount/RWS4/batch_jobs/log/CopyPLReporttoS"
"BPG","CL78","BPG - Upload ES Cognose Extract SFTP [BP]","*/45 * * * *","Europe/Berlin","2026-07-24 10:00:00","2026-07-24T08:00:00.000Z","2026-07-24 13:30:00","/mount/RWS4/batch_jobs/scripts/Upload_ES_Cognose_Extract_SFTP.sh BP > /mount/RWS4/batch_jobs/log/Upl"
"BPG","CL78","BPG - upload payfile PL [BP]","*/20 * * * *","Europe/Berlin","2026-07-24 10:00:00","2026-07-24T08:00:00.000Z","2026-07-24 13:30:00","/mount/RWS4/batch_jobs/scripts/upload_payfile_PL.sh BP>> /mount/RWS4/batch_jobs/log/PayFile_Upload_P"
"BPG","CL78","BPG - workflow [workload_RW 5 ""NL\%20Live\%20Sites"" BP]","00 10 * * 5","Europe/Berlin","2026-07-24 10:00:00","2026-07-24T08:00:00.000Z","2026-07-24 13:30:00","/mount/RWS4/batch_jobs/scripts/workflow.sh workload_RW 5 ""NL\%20Live\%20Sites"" BP >> /mount/RWS4/bat"
"BPUS","CL26","BPUS - CopyUsCognosReporttoSFTP (00 04 * * *)","00 04 * * *","America/New_York","2026-07-24 04:00:00","2026-07-24T08:00:00.000Z","2026-07-24 13:30:00","/mount/RWS4/batch_jobs/scripts/CopyUsCognosReporttoSFTP.sh > /mount/RWS4/batch_jobs/log/CopyAbsenceR"
"BSI","CL09","BSI - sftpOutboundRetry [BOTH]","*/25 * * * *","America/New_York","2026-07-24 04:00:00","2026-07-24T08:00:00.000Z","2026-07-24 13:30:00","/mount/RWS4/batch_jobs/scripts/sftpOutboundRetry.sh BOTH >> /mount/RWS4/batch_jobs/log/sftpOutboundR"
"COP","CL12","COP - download","*/30 * * * *","America/New_York","2026-07-24 04:00:00","2026-07-24T08:00:00.000Z","2026-07-24 13:30:00","/mount/RWS4/batch_jobs/scripts/download.sh >> /mount/RWS4/batch_jobs/log/dataimports.log"
"CVSDC","CL20","CVSDC - download [CVSDC]","0 */4 * * *","America/New_York","2026-07-24 04:00:00","2026-07-24T08:00:00.000Z","2026-07-24 13:30:00","/mount/RWS4/batch_jobs/scripts/download.sh CVSDC >> /mount/RWS4/batch_jobs/log/dataimports.log 2>&1"
"CVSH","CL20","CVSH - uploadFiles [CVS]","00 */1 * * *","America/New_York","2026-07-24 04:00:00","2026-07-24T08:00:00.000Z","2026-07-24 13:30:00","/mount/RWS4/batch_jobs/scripts/usertracing/uploadFiles.sh CVS >> /mount/RWS4/batch_jobs/log/uploadFi"
"DIX","CL52","DIX - download [DIX]","0 21,12,9,4 * * *","Europe/London","2026-07-24 09:00:00","2026-07-24T08:00:00.000Z","2026-07-24 13:30:00","/mount/RWS4/batch_jobs/scripts/download.sh DIX >> /mount/RWS4/batch_jobs/log/dataimports.log"
"DIX","CL52","DIX - encryptExtracts [DIX]","*/15 * * * *","Europe/London","2026-07-24 09:00:00","2026-07-24T08:00:00.000Z","2026-07-24 13:30:00","/mount/RWS4/batch_jobs/scripts/encryptExtracts.sh DIX >> /mount/RWS4/batch_jobs/log/encryptExtracts."
"DIX","CL52","DIX - workflow [HRTS 3 ""SUPPLIER_STORES"" DIX]","*/20 * * * *","Europe/London","2026-07-24 09:00:00","2026-07-24T08:00:00.000Z","2026-07-24 13:30:00","/mount/RWS4/batch_jobs/scripts/workflow.sh HRTS 3 ""SUPPLIER_STORES"" DIX >> /mount/RWS4/batch_jobs/lo"
"DIX","CL52","DIX - workflow [POPULATERFCMETRICDATA 0 0 DIX]","*/10 * * * *","Europe/London","2026-07-24 09:00:00","2026-07-24T08:00:00.000Z","2026-07-24 13:30:00","/mount/RWS4/batch_jobs/scripts/workflow.sh POPULATERFCMETRICDATA 0 0 DIX >> /mount/RWS4/batch_jobs/l"
"EGR","CL54","EGR - download","0 */3 * * *","Europe/London","2026-07-24 09:00:00","2026-07-24T08:00:00.000Z","2026-07-24 13:30:00","/mount/RWS4/batch_jobs/scripts/download.sh >> /mount/RWS4/batch_jobs/log/dataimports.log"
"EYE","CL23","EYE - GrossEarningExtracts","*/30 * * * *","America/New_York","2026-07-24 04:00:00","2026-07-24T08:00:00.000Z","2026-07-24 13:30:00","/mount/RWS4/batch_jobs/scripts/GrossEarningExtracts.sh >> /mount/RWS4/batch_jobs/log/GrossEarningExt"
"EYE","CL23","EYE - download","0 */2 * * *","America/New_York","2026-07-24 04:00:00","2026-07-24T08:00:00.000Z","2026-07-24 13:30:00","/mount/RWS4/batch_jobs/scripts/download.sh >> /mount/RWS4/batch_jobs/log/dataimports.log"
"EYE","CL23","EYE - encryptPayfile","0 * * * *","America/New_York","2026-07-24 04:00:00","2026-07-24T08:00:00.000Z","2026-07-24 13:30:00","/mount/RWS4/batch_jobs/scripts/encryptPayfile.sh >> /mount/RWS4/batch_jobs/log/encryptsPayfile.log 2"
"HMROW","CL53","HMROW - download [HNM]","0 */1 * * *","Europe/London","2026-07-24 09:00:00","2026-07-24T08:00:00.000Z","2026-07-24 13:30:00","/mount/RWS4/batch_jobs/scripts/download.sh HNM >> /mount/RWS4/batch_jobs/log/dataimports.log 2>&1"
"HMROW","CL53","HMROW - sync clocking event [HNM]","*/5 * * * *","Europe/London","2026-07-24 09:00:00","2026-07-24T08:00:00.000Z","2026-07-24 13:30:00","/mount/RWS4/batch_jobs/scripts/sync_clocking_event.sh HNM >> /mount/RWS4/batch_jobs/log/sync_clockin"
"HMROW","CL53","HMROW - sync from Sftp VD","*/15 * * * *","Europe/London","2026-07-24 09:00:00","2026-07-24T08:00:00.000Z","2026-07-24 13:30:00","/mount/RWS4/batch_jobs/scripts/sync_from_Sftp_VD.sh >> /mount/RWS4/batch_jobs/log/sync_from_Sftp_VD."
"HMROW","CL53","HMROW - sync to Sftp [HNM]","*/15 * * * *","Europe/London","2026-07-24 09:00:00","2026-07-24T08:00:00.000Z","2026-07-24 13:30:00","/mount/RWS4/batch_jobs/scripts/sync_to_Sftp.sh HNM >> /mount/RWS4/batch_jobs/log/sync_to_Sftp.log 2>"
"HMROW","CL53","HMROW - sync to Sftp payroll CountrySpecific (*/30 * * * *)","*/30 * * * *","Europe/London","2026-07-24 09:00:00","2026-07-24T08:00:00.000Z","2026-07-24 13:30:00","/mount/RWS4/batch_jobs/scripts/sync_to_Sftp_payroll_CountrySpecific.sh >> /mount/RWS4/batch_jobs/log"
"HMROW","CL53","HMROW - sync to Sftp payroll [HNM]","*/15 * * * *","Europe/London","2026-07-24 09:00:00","2026-07-24T08:00:00.000Z","2026-07-24 13:30:00","/mount/RWS4/batch_jobs/scripts/sync_to_Sftp_payroll.sh HNM >> /mount/RWS4/batch_jobs/log/sync_to_Sft"
"HMROW","CL53","HMROW - workflow [ClockingEventJob 0 0 HNM]","*/6 * * * *","Europe/London","2026-07-24 09:00:00","2026-07-24T08:00:00.000Z","2026-07-24 13:30:00","/mount/RWS4/batch_jobs/scripts/workflow.sh ClockingEventJob 0 0 HNM >> /mount/RWS4/batch_jobs/log/Cl"
"HMROW","CL53","HMROW - workflow [VDInterval 0 0 HNM]","*/16 * * * *","Europe/London","2026-07-24 09:00:00","2026-07-24T08:00:00.000Z","2026-07-24 13:30:00","/mount/RWS4/batch_jobs/scripts/workflow.sh VDInterval 0 0 HNM >> /mount/RWS4/batch_jobs/log/VDInterv"
"HMROW","CL53","HMROW - workflow [VDPeriod 0 0 HNM]","*/16 * * * *","Europe/London","2026-07-24 09:00:00","2026-07-24T08:00:00.000Z","2026-07-24 13:30:00","/mount/RWS4/batch_jobs/scripts/workflow.sh VDPeriod 0 0 HNM >> /mount/RWS4/batch_jobs/log/VDPeriod.l"
"HMROW","CL53","HMROW - workflow [forecast ""ALL\%20Store\%20Group"" HNM]","0 */3 * * *","Europe/London","2026-07-24 09:00:00","2026-07-24T08:00:00.000Z","2026-07-24 13:30:00","/mount/RWS4/batch_jobs/scripts/workflow.sh forecast ""ALL\%20Store\%20Group"" HNM >> /mount/RWS4/batch"
"HMROW","CL53","HMROW - workflow [weekinprogress 0 0 HNM]","0 */3 * * *","Europe/London","2026-07-24 09:00:00","2026-07-24T08:00:00.000Z","2026-07-24 13:30:00","/mount/RWS4/batch_jobs/scripts/workflow.sh weekinprogress 0 0 HNM >> /mount/RWS4/batch_jobs/log/week"
"HNMG","CL77","HNMG - download (*/60 * * * *)","*/60 * * * *","Europe/Berlin","2026-07-24 10:00:00","2026-07-24T08:00:00.000Z","2026-07-24 13:30:00","/mount/RWS4/batch_jobs/scripts/download.sh > /dev/null 2>&1"
"HNMG","CL77","HNMG - sync from Sftp","*/15 * * * *","Europe/Berlin","2026-07-24 10:00:00","2026-07-24T08:00:00.000Z","2026-07-24 13:30:00","/mount/RWS4/batch_jobs/scripts/sync_from_Sftp.sh >> /mount/RWS4/batch_jobs/log/sync_from_Sftp.log 2>"
"HNMG","CL77","HNMG - sync to Sftp [HNM]","*/15 * * * *","Europe/Berlin","2026-07-24 10:00:00","2026-07-24T08:00:00.000Z","2026-07-24 13:30:00","/mount/RWS4/batch_jobs/scripts/sync_to_Sftp.sh HNM >> /mount/RWS4/batch_jobs/log/sync_to_Sftp.log 2>"
"HNMG","CL77","HNMG - upload payfile","*/30 * * * *","Europe/Berlin","2026-07-24 10:00:00","2026-07-24T08:00:00.000Z","2026-07-24 13:30:00","/mount/RWS4/batch_jobs/scripts/upload_payfile.sh  >/dev/null 2>&1"
"HOLT","CL26","HOLT - Monitoring RWS Processes [IN_FOLDER_CHECK]","0 */4 * * *","America/New_York","2026-07-24 04:00:00","2026-07-24T08:00:00.000Z","2026-07-24 13:30:00","/mount/RWS4/batch_jobs/WAPM/scripts/Monitoring_RWS_Processes.sh IN_FOLDER_CHECK >> /mount/RWS4/batch"
"HOLT","CL26","HOLT - Monitoring RWS Processes [REJECTED_FILE_CHECK]","0 */4 * * *","America/New_York","2026-07-24 04:00:00","2026-07-24T08:00:00.000Z","2026-07-24 13:30:00","/mount/RWS4/batch_jobs/WAPM/scripts/Monitoring_RWS_Processes.sh REJECTED_FILE_CHECK >> /mount/RWS4/b"
"HOLT","CL26","HOLT - Monitoring RWS Processes [UPLOAD_FILE_CHECK]","0 */4 * * *","America/New_York","2026-07-24 04:00:00","2026-07-24T08:00:00.000Z","2026-07-24 13:30:00","/mount/RWS4/batch_jobs/WAPM/scripts/Monitoring_RWS_Processes.sh UPLOAD_FILE_CHECK >> /mount/RWS4/bat"
"HOLT","CL26","HOLT - download [HOLT]","0 * * * *","America/New_York","2026-07-24 04:00:00","2026-07-24T08:00:00.000Z","2026-07-24 13:30:00","/mount/RWS4/batch_jobs/scripts/download.sh HOLT>> /mount/RWS4/batch_jobs/log/dataimports.log 2>&1"
"HOLT","CL26","HOLT - monitor HOLT NewTaUnitPayDetailGeneratorJob","*/10 * * * *","America/New_York","2026-07-24 04:00:00","2026-07-24T08:00:00.000Z","2026-07-24 13:30:00","/mount/RWS4/batch_jobs/WAPM/scripts/monitor_HOLT_NewTaUnitPayDetailGeneratorJob.sh >> /mount/RWS4/ba"
"IKI","CL54","IKI - download [IKI]","0 */1 * * *","Europe/Helsinki","2026-07-24 11:00:00","2026-07-24T08:00:00.000Z","2026-07-24 13:30:00","/mount/RWS4/batch_jobs/scripts/download.sh IKI >> /mount/RWS4/batch_jobs/log/dataimports.log 2>&1"
"IKI","CL54","IKI - encryptExtracts [IKI]","*/30 * * * *","Europe/Helsinki","2026-07-24 11:00:00","2026-07-24T08:00:00.000Z","2026-07-24 13:30:00","/mount/RWS4/batch_jobs/scripts/encryptExtracts.sh IKI >> /mount/RWS4/batch_jobs/log/encryptsExtracts"
"INSP","CL03","INSP - customAbsencesExtracts","*/5 * * * *","America/New_York","2026-07-24 04:00:00","2026-07-24T08:00:00.000Z","2026-07-24 13:30:00","/mount/RWS4/batch_jobs/scripts/customAbsencesExtracts.sh >> /mount/RWS4/batch_jobs/log/customAbsence"
"INSP","CL03","INSP - customEncryptInfotype7Extracts","*/15 * * * *","America/New_York","2026-07-24 04:00:00","2026-07-24T08:00:00.000Z","2026-07-24 13:30:00","/mount/RWS4/batch_jobs/scripts/customEncryptInfotype7Extracts.sh >> /mount/RWS4/batch_jobs/log/custo"
"INSP","CL03","INSP - download [INSP]","0 */4 * * *","America/New_York","2026-07-24 04:00:00","2026-07-24T08:00:00.000Z","2026-07-24 13:30:00","/mount/RWS4/batch_jobs/scripts/download.sh INSP >> /mount/RWS4/batch_jobs/log/dataimports.log  2>&1"
"INSP","CL03","INSP - encryptPayfile [INSP]","*/55 * * * *","America/New_York","2026-07-24 04:00:00","2026-07-24T08:00:00.000Z","2026-07-24 13:30:00","/mount/RWS4/batch_jobs/scripts/encryptPayfile.sh INSP >> /mount/RWS4/batch_jobs/log/encryptPayfile.l"
"INSP","CL03","INSP - sendCognosReports","0 * * * *","America/New_York","2026-07-24 04:00:00","2026-07-24T08:00:00.000Z","2026-07-24 13:30:00","/mount/RWS4/batch_jobs/scripts/sendCognosReports.sh >> /mount/RWS4/batch_jobs/log/sendCognosReports."
"JLP","CL52","JLP - CopyEncryptPDPDataExtract [JLP]","0 */1 * * *","Europe/London","2026-07-24 09:00:00","2026-07-24T08:00:00.000Z","2026-07-24 13:30:00","/mount/RWS4/batch_jobs/scripts/CopyEncryptPDPDataExtract.sh JLP >> /mount/RWS4/batch_jobs/log/CopyEn"
"MB","CL55","MB - download","*/15 * * * *","Europe/London","2026-07-24 09:00:00","2026-07-24T08:00:00.000Z","2026-07-24 13:30:00","/mount/RWS4/batch_jobs/scripts/download.sh >> /mount/RWS4/batch_jobs/log/dataimports.log"
"MB","CL55","MB - monitor MBR NewTaUnitPayDetailGeneratorJob","*/2 * * * *","Europe/London","2026-07-24 09:00:00","2026-07-24T08:00:00.000Z","2026-07-24 13:30:00","/mount/RWS4/batch_jobs/scripts/monitor_MBR_NewTaUnitPayDetailGeneratorJob.sh >> /mount/RWS4/batch_jo"
"MB","CL55","MB - sync PayFiles","0 */1 * * *","Europe/London","2026-07-24 09:00:00","2026-07-24T08:00:00.000Z","2026-07-24 13:30:00","/mount/RWS4/batch_jobs/scripts/sync_PayFiles.sh >> /mount/RWS4/batch_jobs/log/sync_pay_file.log"
"MCDDE","CL75","MCDDE - WFMExtracts to sftp [MCDDE]","*/15 * * * *","Europe/Berlin","2026-07-24 10:00:00","2026-07-24T08:00:00.000Z","2026-07-24 13:30:00","/mount/RWS4/batch_jobs/scripts/WFMExtracts_to_sftp.sh MCDDE >> /mount/RWS4/batch_jobs/log/WFMExtract"
"MCDDE","CL75","MCDDE - cognos extract to sftp [MCDDE] (*/30 1-21 * * *)","*/30 1-21 * * *","Europe/Berlin","2026-07-24 10:00:00","2026-07-24T08:00:00.000Z","2026-07-24 13:30:00","/mount/RWS4/batch_jobs/scripts/cognos_extract_to_sftp.sh MCDDE >> /mount/RWS4/batch_jobs/log/cognos_"
"MCDDE","CL75","MCDDE - download [MCDDE]","*/60 * * * *","Europe/Berlin","2026-07-24 10:00:00","2026-07-24T08:00:00.000Z","2026-07-24 13:30:00","/mount/RWS4/batch_jobs/scripts/download.sh MCDDE >> /mount/RWS4/batch_jobs/log/download.log 2>&1"
"MCDDE","CL75","MCDDE - encryptExtracts [MCDDE]","*/15 * * * *","Europe/Berlin","2026-07-24 10:00:00","2026-07-24T08:00:00.000Z","2026-07-24 13:30:00","/mount/RWS4/batch_jobs/scripts/encryptExtracts.sh MCDDE >> /mount/RWS4/batch_jobs/log/encryptExtract"
"MCDDE","CL75","MCDDE - sftpRetry","*/30 * * * *","Europe/Berlin","2026-07-24 10:00:00","2026-07-24T08:00:00.000Z","2026-07-24 13:30:00","/mount/RWS4/batch_jobs/scripts/sftpRetry.sh >> /mount/RWS4/batch_jobs/log/sftpRetry.log 2>&1"
"MCDDE","CL75","MCDDE - upload payfiles to sftp [MCDDE]","*/5 * * * *","Europe/Berlin","2026-07-24 10:00:00","2026-07-24T08:00:00.000Z","2026-07-24 13:30:00","/mount/RWS4/batch_jobs/scripts/upload_payfiles_to_sftp.sh MCDDE >> /mount/RWS4/batch_jobs/log/upload"
"MCDPL","CL51","MCDPL - encryptExtracts","*/5 * * * *","Europe/London","2026-07-24 09:00:00","2026-07-24T08:00:00.000Z","2026-07-24 13:30:00","/mount/RWS4/batch_jobs/scripts/encryptExtracts.sh >> /mount/RWS4/batch_jobs/log/encryptExtracts.log"
"MCDPL","CL51","MCDPL - workflow [HRBasic]","0 * * * *","Europe/London","2026-07-24 09:00:00","2026-07-24T08:00:00.000Z","2026-07-24 13:30:00","/mount/RWS4/batch_jobs/scripts/workflow.sh HRBasic >> /mount/RWS4/batch_jobs/log/HRBasic.log 2>&1"
"MRW","CL51","MRW - download [MOR]","*/15 * * * *","Europe/London","2026-07-24 09:00:00","2026-07-24T08:00:00.000Z","2026-07-24 13:30:00","/mount/RWS4/batch_jobs/scripts/download.sh MOR>> /mount/RWS4/batch_jobs/log/processDataImports.log 2"
"MRW","CL51","MRW - sync to Sftp [MOR]","*/5 * * * *","Europe/London","2026-07-24 09:00:00","2026-07-24T08:00:00.000Z","2026-07-24 13:30:00","/mount/RWS4/batch_jobs/scripts/sync_to_Sftp.sh MOR>> /mount/RWS4/batch_jobs/scripts/sync_to_Sftp.log"
"QCK","CL01","QCK - rwsDownload","0 * * * *","America/New_York","2026-07-24 04:00:00","2026-07-24T08:00:00.000Z","2026-07-24 13:30:00","/mount/RWS4/batch_jobs/scripts/rwsDownload.sh >> /mount/RWS4/batch_jobs/log/dataimports.log 2>&1"
"RKH","CL26","RKH - Monitoring RWS Processes [IN_FOLDER_CHECK]","0 */4 * * *","America/New_York","2026-07-24 04:00:00","2026-07-24T08:00:00.000Z","2026-07-24 13:30:00","/mount/RWS4/batch_jobs/WAPM/scripts/Monitoring_RWS_Processes.sh IN_FOLDER_CHECK >> /mount/RWS4/batch"
"RKH","CL26","RKH - Monitoring RWS Processes [REJECTED_FILE_CHECK]","0 */4 * * *","America/New_York","2026-07-24 04:00:00","2026-07-24T08:00:00.000Z","2026-07-24 13:30:00","/mount/RWS4/batch_jobs/WAPM/scripts/Monitoring_RWS_Processes.sh REJECTED_FILE_CHECK >> /mount/RWS4/b"
"RKH","CL26","RKH - Monitoring RWS Processes [UPLOAD_FILE_CHECK]","0 */4 * * *","America/New_York","2026-07-24 04:00:00","2026-07-24T08:00:00.000Z","2026-07-24 13:30:00","/mount/RWS4/batch_jobs/WAPM/scripts/Monitoring_RWS_Processes.sh UPLOAD_FILE_CHECK >> /mount/RWS4/bat"
"RKH","CL26","RKH - download [RKH]","*/15 * * * *","America/New_York","2026-07-24 04:00:00","2026-07-24T08:00:00.000Z","2026-07-24 13:30:00","/mount/RWS4/batch_jobs/scripts/download.sh RKH >> /mount/RWS4/batch_jobs/log/dataimports.log 2>&1"
"RKH","CL26","RKH - encryptPayfile [RKH] (0 */1 * * *)","0 */1 * * *","America/New_York","2026-07-24 04:00:00","2026-07-24T08:00:00.000Z","2026-07-24 13:30:00","/mount/RWS4/batch_jobs/scripts/encryptPayfile.sh RKH >> /mount/RWS4/batch_jobs/log/encryptsPayfile.l"
"RLY","CL25","RLY - download [RLY]","0 */2 * * *","America/New_York","2026-07-24 04:00:00","2026-07-24T08:00:00.000Z","2026-07-24 13:30:00","/mount/RWS4/batch_jobs/scripts/download.sh RLY >> /mount/RWS4/batch_jobs/log/dataimports.log 2>&1"
"RLY","CL25","RLY - encryptExtracts [RLY]","0 */1 * * *","America/New_York","2026-07-24 04:00:00","2026-07-24T08:00:00.000Z","2026-07-24 13:30:00","/mount/RWS4/batch_jobs/scripts/encryptExtracts.sh RLY >> /mount/RWS4/batch_jobs/log/encryptsExtracts"
"RLY","CL25","RLY - encryptPayfile [RLY]","*/17 * * * *","America/New_York","2026-07-24 04:00:00","2026-07-24T08:00:00.000Z","2026-07-24 13:30:00","/mount/RWS4/batch_jobs/scripts/encryptPayfile.sh RLY >> /mount/RWS4/batch_jobs/log/encryptsPayfile.l"
"RRS","CL09","RRS - Monitoring RWS Processes [IN_FOLDER_CHECK]","0 */4 * * *","America/New_York","2026-07-24 04:00:00","2026-07-24T08:00:00.000Z","2026-07-24 13:30:00","/mount/RWS4/batch_jobs/WAPM/scripts/Monitoring_RWS_Processes.sh IN_FOLDER_CHECK >> /mount/RWS4/batch"
"RRS","CL09","RRS - Monitoring RWS Processes [REJECTED_FILE_CHECK]","0 */4 * * *","America/New_York","2026-07-24 04:00:00","2026-07-24T08:00:00.000Z","2026-07-24 13:30:00","/mount/RWS4/batch_jobs/WAPM/scripts/Monitoring_RWS_Processes.sh REJECTED_FILE_CHECK >> /mount/RWS4/b"
"RRS","CL09","RRS - Monitoring RWS Processes [UPLOAD_FILE_CHECK]","0 */4 * * *","America/New_York","2026-07-24 04:00:00","2026-07-24T08:00:00.000Z","2026-07-24 13:30:00","/mount/RWS4/batch_jobs/WAPM/scripts/Monitoring_RWS_Processes.sh UPLOAD_FILE_CHECK >> /mount/RWS4/bat"
"RRS","CL09","RRS - download [RACKROOM]","0 */1 * * *","America/New_York","2026-07-24 04:00:00","2026-07-24T08:00:00.000Z","2026-07-24 13:30:00","/mount/RWS4/batch_jobs/scripts/download.sh RACKROOM >> /mount/RWS4/batch_jobs/log/dataimports.log 2>"
"SBH","CL12","SBH - GrossEarningsencryptExtracts [SB] (0 4 * * *)","0 4 * * *","America/New_York","2026-07-24 04:00:00","2026-07-24T08:00:00.000Z","2026-07-24 13:30:00","/mount/RWS4/batch_jobs/scripts/GrossEarningsencryptExtracts.sh SB >> /mount/RWS4/batch_jobs/log/Gros"
"SBH","CL12","SBH - sendCognosReports [SB]","0 * * * *","America/New_York","2026-07-24 04:00:00","2026-07-24T08:00:00.000Z","2026-07-24 13:30:00","/mount/RWS4/batch_jobs/scripts/sendCognosReports.sh SB >> /mount/RWS4/batch_jobs/log/sendCognosRepor"
"SCO","CL52","SCO - download","0 * * * *","Europe/London","2026-07-24 09:00:00","2026-07-24T08:00:00.000Z","2026-07-24 13:30:00","/mount/RWS4/batch_jobs/scripts/download.sh >> /mount/RWS4/batch_jobs/log/dataimports.log"
"SEG","CL26","SEG - download [SEG]","0 */1 * * *","America/New_York","2026-07-24 04:00:00","2026-07-24T08:00:00.000Z","2026-07-24 13:30:00","/mount/RWS4/batch_jobs/scripts/download.sh SEG >> /mount/RWS4/batch_jobs/log/dataimports.log  2>&1"
"SFC","CL52","SFC - encryptPayfile","*/15 * * * *","Europe/London","2026-07-24 09:00:00","2026-07-24T08:00:00.000Z","2026-07-24 13:30:00","/mount/RWS4/batch_jobs/scripts/encryptPayfile.sh >> /mount/RWS4/batch_jobs/log/encryptPayfile.log 2>"
"SIG","CL17","SIG - CognosCustomencryptExtracts [SIGNET]","0 * * * *","America/New_York","2026-07-24 04:00:00","2026-07-24T08:00:00.000Z","2026-07-24 13:30:00","/mount/RWS4/batch_jobs/scripts/CognosCustomencryptExtracts.sh SIGNET >> /mount/RWS4/batch_jobs/log/C"
"SIG","CL17","SIG - CustomExtractsBARC","*/10 * * * *","America/New_York","2026-07-24 04:00:00","2026-07-24T08:00:00.000Z","2026-07-24 13:30:00","/mount/RWS4/batch_jobs/scripts/CustomExtractsBARC.sh >> /mount/RWS4/batch_jobs/log/CustomExtractsBAR"
"SIG","CL17","SIG - encryptExtracts [SIGNET]","*/30 * * * *","America/New_York","2026-07-24 04:00:00","2026-07-24T08:00:00.000Z","2026-07-24 13:30:00","/mount/RWS4/batch_jobs/scripts/encryptExtracts.sh SIGNET >> /mount/RWS4/batch_jobs/log/encryptExtrac"
"SIG","CL17","SIG - encryptReportsExtracts","*/30 * * * *","America/New_York","2026-07-24 04:00:00","2026-07-24T08:00:00.000Z","2026-07-24 13:30:00","/mount/RWS4/batch_jobs/scripts/encryptReportsExtracts.sh >> /mount/RWS4/batch_jobs/log/encryptReport"
"SMLC","CL03","SMLC - Monitoring RWS Processes [IN_FOLDER_CHECK]","0 */1 * * *","America/New_York","2026-07-24 04:00:00","2026-07-24T08:00:00.000Z","2026-07-24 13:30:00","/mount/RWS4/batch_jobs/WAPM/scripts/Monitoring_RWS_Processes.sh IN_FOLDER_CHECK >> /mount/RWS4/batch"
"SMLC","CL03","SMLC - Monitoring RWS Processes [REJECTED_FILE_CHECK]","0 */2 * * *","America/New_York","2026-07-24 04:00:00","2026-07-24T08:00:00.000Z","2026-07-24 13:30:00","/mount/RWS4/batch_jobs/WAPM/scripts/Monitoring_RWS_Processes.sh REJECTED_FILE_CHECK >> /mount/RWS4/b"
"SMLC","CL03","SMLC - Monitoring RWS Processes [UPLOAD_FILE_CHECK]","0 */4 * * *","America/New_York","2026-07-24 04:00:00","2026-07-24T08:00:00.000Z","2026-07-24 13:30:00","/mount/RWS4/batch_jobs/WAPM/scripts/Monitoring_RWS_Processes.sh UPLOAD_FILE_CHECK >> /mount/RWS4/bat"
"SMLC","CL03","SMLC - encryptExtracts [SMLC]","*/30 * * * *","America/New_York","2026-07-24 04:00:00","2026-07-24T08:00:00.000Z","2026-07-24 13:30:00","/mount/RWS4/batch_jobs/scripts/encryptExtracts.sh SMLC >> /mount/RWS4/batch_jobs/log/encryptsExtract"
"SMLC","CL03","SMLC - moveLogsToSftp [SMLC 15]","0 */1 * * *","America/New_York","2026-07-24 04:00:00","2026-07-24T08:00:00.000Z","2026-07-24 13:30:00","/mount/RWS4/batch_jobs/scripts/moveLogsToSftp.sh SMLC 15 >> /mount/RWS4/batch_jobs/log/moveLogsToSft"
"TAG","CL03","TAG - Monitoring RWS Processes [IN_FOLDER_CHECK]","0 */4 * * *","America/New_York","2026-07-24 04:00:00","2026-07-24T08:00:00.000Z","2026-07-24 13:30:00","/mount/RWS4/batch_jobs/WAPM/scripts/Monitoring_RWS_Processes.sh IN_FOLDER_CHECK >> /mount/RWS4/batch"
"TAG","CL03","TAG - Monitoring RWS Processes [REJECTED_FILE_CHECK]","0 */4 * * *","America/New_York","2026-07-24 04:00:00","2026-07-24T08:00:00.000Z","2026-07-24 13:30:00","/mount/RWS4/batch_jobs/WAPM/scripts/Monitoring_RWS_Processes.sh REJECTED_FILE_CHECK >> /mount/RWS4/b"
"TAG","CL03","TAG - Monitoring RWS Processes [UPLOAD_FILE_CHECK]","0 */4 * * *","America/New_York","2026-07-24 04:00:00","2026-07-24T08:00:00.000Z","2026-07-24 13:30:00","/mount/RWS4/batch_jobs/WAPM/scripts/Monitoring_RWS_Processes.sh UPLOAD_FILE_CHECK >> /mount/RWS4/bat"
"TAG","CL03","TAG - download [TAG]","*/30 * * * *","America/New_York","2026-07-24 04:00:00","2026-07-24T08:00:00.000Z","2026-07-24 13:30:00","/mount/RWS4/batch_jobs/scripts/download.sh TAG >> /mount/RWS4/batch_jobs/log/dataimports.log 2>&1"
"TAG","CL03","TAG - encryptExtracts [TAG]","*/30 * * * *","America/New_York","2026-07-24 04:00:00","2026-07-24T08:00:00.000Z","2026-07-24 13:30:00","/mount/RWS4/batch_jobs/scripts/encryptExtracts.sh TAG >> /mount/RWS4/batch_jobs/log/encryptExtracts."
"TSC","CL14","TSC - EmployeeShiftDetailsExtract","0 */1 * * *","America/New_York","2026-07-24 04:00:00","2026-07-24T08:00:00.000Z","2026-07-24 13:30:00","/mount/RWS4/batch_jobs/scripts/EmployeeShiftDetailsExtract.sh >> /mount/RWS4/batch_jobs/log/Employee"
"TTW","CL23","TTW - PayActiv","0 4,10,16,22 * * *","America/New_York","2026-07-24 04:00:00","2026-07-24T08:00:00.000Z","2026-07-24 13:30:00","/mount/RWS4/batch_jobs/scripts/PayActiv.sh >> /mount/RWS4/batch_jobs/log/PayActiv.log 2>&1"
"TTW","CL23","TTW - encryptExtracts","0 * * * *","America/New_York","2026-07-24 04:00:00","2026-07-24T08:00:00.000Z","2026-07-24 13:30:00","/mount/RWS4/batch_jobs/scripts/encryptExtracts.sh >> /mount/RWS4/batch_jobs/log/encryptExtracts.log "
"TWG","CL15","TWG - * [/mount/backup/HR03_Logs/]","0 * * * *","Pacific/Auckland","2026-07-24 20:00:00","2026-07-24T08:00:00.000Z","2026-07-24 13:30:00","mv /mount/RWS4/appuploads/upload/122690099/DTS/HR/Log/HR03/* /mount/backup/HR03_Logs/ > /dev/null 2>"
"TWG","CL15","TWG - monitor TWG RTATerminationPayJob","*/22 * * * *","Pacific/Auckland","2026-07-24 20:00:00","2026-07-24T08:00:00.000Z","2026-07-24 13:30:00","/mount/RWS4/batch_jobs/scripts/monitor_TWG_RTATerminationPayJob.sh >> /mount/RWS4/batch_jobs/logs/mo"
"TWG","CL15","TWG - sync clocking event","0 * * * *","Pacific/Auckland","2026-07-24 20:00:00","2026-07-24T08:00:00.000Z","2026-07-24 13:30:00","/mount/RWS4/batch_jobs/scripts/sync_clocking_event.sh >> /mount/RWS4/batch_jobs/log/sync_clocking_ev"
"VBA41","CL23","VBA41 - download","0 */4 * * *","America/New_York","2026-07-24 04:00:00","2026-07-24T08:00:00.000Z","2026-07-24 13:30:00","/mount/RWS4/batch_jobs/scripts/download.sh >> /mount/RWS4/batch_jobs/log/dataimports.log"
"VEYR","CL15","VEYR - Monitoring RWS Processes [IN_FOLDER_CHECK]","0 */4 * * *","America/New_York","2026-07-24 04:00:00","2026-07-24T08:00:00.000Z","2026-07-24 13:30:00","/mount/RWS4/batch_jobs/WAPM/scripts/Monitoring_RWS_Processes.sh IN_FOLDER_CHECK >> /mount/RWS4/batch"
"VEYR","CL15","VEYR - Monitoring RWS Processes [REJECTED_FILE_CHECK]","0 */4 * * *","America/New_York","2026-07-24 04:00:00","2026-07-24T08:00:00.000Z","2026-07-24 13:30:00","/mount/RWS4/batch_jobs/WAPM/scripts/Monitoring_RWS_Processes.sh REJECTED_FILE_CHECK >> /mount/RWS4/b"
"VEYR","CL15","VEYR - Monitoring RWS Processes [UPLOAD_FILE_CHECK]","0 */4 * * *","America/New_York","2026-07-24 04:00:00","2026-07-24T08:00:00.000Z","2026-07-24 13:30:00","/mount/RWS4/batch_jobs/WAPM/scripts/Monitoring_RWS_Processes.sh UPLOAD_FILE_CHECK >> /mount/RWS4/bat"
"VEYR","CL15","VEYR - download [VEYR]","0 */1 * * *","America/New_York","2026-07-24 04:00:00","2026-07-24T08:00:00.000Z","2026-07-24 13:30:00","/mount/RWS4/batch_jobs/scripts/download.sh VEYR >> /mount/RWS4/batch_jobs/log/dataimports.log"
"VEYR","CL15","VEYR - monitor VEYR NewTaUnitPayDetailGeneratorJob","*/8 * * * *","America/New_York","2026-07-24 04:00:00","2026-07-24T08:00:00.000Z","2026-07-24 13:30:00","/mount/RWS4/batch_jobs/WAPM/scripts/monitor_VEYR_NewTaUnitPayDetailGeneratorJob.sh >> /mount/RWS4/ba"
"WAL","CL07","WAL - DBLogMonitor","*/30 * * * *","America/New_York","2026-07-24 04:00:00","2026-07-24T08:00:00.000Z","2026-07-24 13:30:00","/mount/RWS4/batch_jobs/scripts/DBLogMonitor.sh  > /dev/null  2>&1"
"WAW","CL01","WAW - encryptExtracts [WAWA]","0 4,15 * * *","America/New_York","2026-07-24 04:00:00","2026-07-24T08:00:00.000Z","2026-07-24 13:30:00","/mount/RWS4/batch_jobs/scripts/encryptExtracts.sh WAWA >> /mount/RWS4/batch_jobs/log/encryptExtracts"
"WAW","CL01","WAW - encryptLOPSExtracts [WAWA]","*/30 * * * *","America/New_York","2026-07-24 04:00:00","2026-07-24T08:00:00.000Z","2026-07-24 13:30:00","/mount/RWS4/batch_jobs/scripts/encryptLOPSExtracts.sh WAWA >> /mount/RWS4/batch_jobs/log/encryptLOPS"